<?xml version="1.0" encoding="UTF-8"?>
<!DOCTYPE mapper PUBLIC "-//mybatis.org//DTD Mapper 3.0//EN" "http://mybatis.org/dtd/mybatis-3-mapper.dtd">

<mapper namespace="com.wjthinkbig.aimath.thma.service.dao.ThmaDao">

	<!-- 대주제 전체 리스트 조회 -->
	<select id="selectThmaList" parameterType="com.wjthinkbig.aimath.thma.vo.ThmaSearchVO" resultType="com.wjthinkbig.aimath.thma.vo.ThmaVO">	
		SELECT	/* Thma_BRS_Mapper.selectThmaList(대주제 전체 리스트 조회) 19001861 */
			thma_cd as thmaCd					/* 주제코드 */
			, thma_nm as thmaNm					/* 주제명 */
			, img_file_path as imgFilePath		/* 이미지파일경로 */
			, img_file_nm as imgFileNm			/* 이미지파일명 */
			, dsp_odr as dspOdr					/* 노출순서 */
			, use_yn as useYn					/* 사용여부 */
			, rgtn_dt as rgtnDt					/* 등록일시 */
			, rgtn_user as rgtnUser				/* 등록자ID */
			, mod_dt as modDt					/* 수정일시 */
			, mod_user as modUser				/* 수정자ID */		
		FROM brs.tb_cmn_thma
		<if test='odrTy != null and !"".equals(odrTy)'>
			<choose>
				<when test='"ODRD".equals(odrTy)'>
					ORDER BY dsp_odr DESC
				</when>
				<when test='"ODRA".equals(odrTy)'>
					ORDER BY dsp_odr ASC
				</when>
			</choose>
		</if>
		<if test='odrTy == null or "".equals(odrTy)'>
			ORDER BY dsp_odr ASC
		</if>
		<if test='"Y".equals(pagingYn)'>
			LIMIT #{rowCnt} OFFSET #{rowCnt} * (#{currentPage} - 1)		/* rowCnt(한페이지에 보여질 리스트 수) currentPage(현재페이지) */
		</if>
	</select>
	
	<!-- 대주제 전체 리스트 수 조회 -->
	<select id="selectThmaListCnt" parameterType="com.wjthinkbig.aimath.thma.vo.ThmaSearchVO" resultType="int">	
		SELECT	/* Thma_BRS_Mapper.selectThmaListCnt(대주제 전체 리스트 수 조회) 19001861 */
			COUNT(1) as cnt		
		FROM brs.tb_cmn_thma
	</select>
	
	<!-- 특정 대주제 정보 단건 조회 -->
	<select id="selectThmaById" parameterType="string" resultType="com.wjthinkbig.aimath.thma.vo.ThmaVO">	
		SELECT	/* Thma_BRS_Mapper.selectThmaById(특정 대주제 정보 단건 조회) 19001861 */
			thma_cd as thmaCd					/* 주제코드 */
			, thma_nm as thmaNm					/* 주제명 */
			, img_file_path as imgFilePath		/* 이미지파일경로 */
			, img_file_nm as imgFileNm			/* 이미지파일명 */
			, dsp_odr as dspOdr					/* 노출순서 */
			, use_yn as useYn					/* 사용여부 */
			, rgtn_dt as rgtnDt					/* 등록일시 */
			, rgtn_user as rgtnUser				/* 등록자ID */
			, mod_dt as modDt					/* 수정일시 */
			, mod_user as modUser				/* 수정자ID */		
		FROM brs.tb_cmn_thma
		WHERE thma_cd = #{thma_cd}				/* 대주제코드 */
	</select>
	
	<!-- 신규등록시 사용할 대주제 코드 채번 -->
	<select id="selectNewThmaCd" resultType="String">
		SELECT	/* Thma_BRS_Mapper.selectNewThmaCd(신규등록시 사용할 대주제 코드 채번) 19001861 */
			CASE
				WHEN CAST(MAX(SUBSTRING(thma_cd, LENGTH(thma_cd) - 1, 2)) AS INTEGER) + 1 <![CDATA[ > ]]> 9 THEN 'THMA_' ||  CAST(MAX(SUBSTRING(thma_cd, LENGTH(thma_cd) - 1, 2)) AS INTEGER) + 1
				WHEN CAST(MAX(SUBSTRING(thma_cd, LENGTH(thma_cd) - 1, 2)) AS INTEGER) + 1 <![CDATA[ <= ]]> 9 THEN 'THMA_0' ||  CAST(MAX(SUBSTRING(thma_cd, LENGTH(thma_cd) - 1, 2)) AS INTEGER) + 1
			END AS newThmaCd
		FROM brs.tb_cmn_thma
	</select>
	
	<!-- 신규등록시 사용할 정렬순번 채번 -->
	<select id="selectLastDspOrd" resultType="int">
		SELECT	/* Thma_BRS_Mapper.selectLastDspOrd(신규등록시 사용할 정렬순번 채번) 19001861 */
			MAX(dsp_odr) + 1 AS newDspOdr
		FROM brs.tb_cmn_thma
	</select>
	
	<!-- 커리큘럼 대주제 대주제명 중복 여부 확인 -->
	<select id="selectThmaNmDplctCheck" parameterType="com.wjthinkbig.aimath.thma.vo.ThmaSearchVO" resultType="int">
		SELECT	/* Thma_BRS_Mapper.selectThmaNmDplctCheck(커리큘럼 대주제 대주제명 중복 여부 확인) 19001861 */
			COUNT(1) as cnt
		FROM brs.tb_cmn_thma
		WHERE
			thma_nm = #{thmaNm}							/* 대주제 명 */
			<if test='thmaCd != null and !"".equals(thmaCd)'>
				AND thma_cd <![CDATA[ <> ]]> #{thmaCd}	/* 대주제 코드 */
			</if>
	</select>
	
	<!-- 대주제 신규등록 -->
	<insert id="insertThma" parameterType="com.wjthinkbig.aimath.thma.vo.ThmaVO">
    	INSERT	/* Thma_BRS_Mapper.insertThma(대주제 신규등록) 19001861 */
    	INTO brs.tb_cmn_thma
    	     (thma_cd							/* 주제코드 */
    	     , thma_nm 							/* 주제명 */
    	     , img_file_path 					/* 이미지파일경로 */
    	     , img_file_nm 						/* 이미지파일명 */
    	     , dsp_odr 							/* 노출순서 */
    	     , use_yn 							/* 사용여부 */
    	     , rgtn_dt							/* 등록일시 */
    	     , rgtn_user) 						/* 관리자id */ 
    	VALUES
    	     (#{thmaCd}							/* 주제코드 */
    	     , #{thmaNm} 						/* 주제명 */
    	     , #{imgFilePath} 					/* 이미지파일경로 */
    	     , #{imgFileNm} 					/* 이미지파일명 */
    	     , #{dspOdr} 						/* 노출순서 */
    	     , #{useYn} 						/* 사용여부 */
    	     , NOW()							/* 등록일시 */
    	     , #{rgtnUser}) 					/* 관리자id */
	</insert>
	
	<!-- 대주제 기존정보 변경 -->
	<update id="updateThma" parameterType="com.wjthinkbig.aimath.thma.vo.ThmaVO">
        UPDATE	/* Thma_BRS_Mapper.updateThma(대주제 기존정보 변경) 19001861 */ brs.tb_cmn_thma
		SET		
			thma_nm = #{thmaNm},				/* 대주제명 */
			<if test='imgFilePath != null and !"".equals(imgFilePath)'>
				img_file_path = #{imgFilePath},	/* 이미지파일경로 */ 
				img_file_nm = #{imgFileNm},		/* 이미지파일명 */
			</if>
			<if test="dspOdr > 0">
				dsp_odr = #{dspOdr},			/* 노출순서 */
			</if>
			use_yn = #{useYn},					/* 사용여부 */
			mod_user = #{modUser},				/* 수정자 */
			mod_dt = NOW()						/* 수정일시 */
		WHERE thma_cd = #{thmaCd}				/* 대주제코드 */
	</update>
	
	<!-- 대주제정보 삭제 (사용여부 N인 경우만 삭제) -->
	<delete id="deleteThma" parameterType="string">
		DELETE	/* Thma_BRS_Mapper.deleteThma(대주제정보 삭제) 19001861 */
		FROM brs.tb_cmn_thma
		WHERE thma_cd = #{thma_cd}				/* 대주제코드 */
	</delete>
</mapper>