<?xml version="1.0" encoding="UTF-8"?>
<!DOCTYPE mapper PUBLIC "-//mybatis.org//DTD Mapper 3.0//EN" "http://mybatis.org/dtd/mybatis-3-mapper.dtd">
<mapper namespace="com.wjthinkbig.aimath.dgns.service.dao.DgnsDao">
	
	<!-- (OK) (오픈상태인) 단일 문항정보(특정 언어의 메타정보) 조회 -->
	<select id="selectQstById" parameterType="com.wjthinkbig.aimath.dgns.vo.DgnsQstDtlVO" resultType="com.wjthinkbig.aimath.dgns.vo.DgnsQstDtlVO">
		SELECT	/* Dgns_BRS_Mapper.selectQstById(문제 단일 조회)  19001877 */
			  m.lang_cd			as langCd			/* 언어코드 	*/
			, qwm.qst_cd		as qstCd			/* 문항코드 	*/
			, qwm.stg_cd 		as stgCd			/* 스테이지코드 */
			, q.font_size 		as fontSize			/* 폰트크기 	*/
			, s.kypd_ty_cd 		as kypdTyCd   		/* 키보드 유형 	*/
			, m.qst_cn 			as qstCn 			/* 문항내용 	*/
			, m.text_cn 		as textCn 			/* 지문내용 	*/
			, m.exmp_cn 		as exmpCn 			/* 보기 내용	*/ 
		FROM 
			brs.tb_cmn_qst_wrtn_mngt qwm 	/* 문항저작관리 */
			LEFT JOIN brs.tb_cmn_qst q ON q.qst_cd = qwm.qst_cd		/* 문항 */
			LEFT JOIN brs.tb_cmn_stg s ON s.stg_cd = qwm.stg_cd		/* 스테이지 */
			INNER JOIN brs.tb_cmn_qst_meta m ON m.qst_cd = qwm.qst_cd AND m.lang_cd = #{langCd} 	/* 언어코드 		*/
		WHERE
			qwm.qst_cd 	= #{qstCd} 																	/* 문항 코드 		*/
		AND wrtn_sts_cd 	= 'WS05'																/* 저작 상태(오픈)  	*/
	</select>
	
	<!-- (OK) 특정 문항이 오픈상태로 존재하는지 그 건수를 가져온다. -->
	<select id="getQstCntById" parameterType="String" resultType="int">
		SELECT	/* Dgns_BRS_Mapper.getQstCntById(문항 존제여부) 19001877 */
			count(1) 			as cnt 	/* 문항수 */
		FROM 
			brs.tb_cmn_qst_wrtn_mngt 
		WHERE
			qst_cd = #{qstCd} 							/* 문항 코드 		*/
		AND wrtn_sts_cd 	= 'WS05'					/* 저작 상태가 오픈 	*/
	</select>
	
	<!-- (OK) 특정 문항의 정답과 정답유형  -->
	<select id="selectQstAns" parameterType="String" resultType="com.wjthinkbig.aimath.dgns.vo.DgnsQstResVO">
		SELECT	/* Dgns_BRS_Mapper.selectQstAns(문항의 정답 과 정답유형 )  19001877 */
			  qst_cransr				as qstCransr		/* 정답 		*/
			, cransr_ty_scn_cd			as cransrTyScnCd	/* 정답유형 	*/
		FROM 
			brs.tb_cmn_qst		/* 문항정보 */
		WHERE
			qst_cd = #{qstCd} 								/* 문항 코드 	*/
	</select>
	
	<!-- (OK) 진단테스트 이력 초기 입력  -->
	<insert id="insertDgnsHst" parameterType="com.wjthinkbig.aimath.dgns.vo.DgnsHstVO">
		INSERT /* Dgns_BRS_Mapper.insertDgnsHst(진단 이력 입력  )  19001877 */
		INTO brs.tb_lnr_dgns_hst (
			  lrn_mbr_id                /* 학습회원 아이디 	*/ 
			, chn_cd					/* 채널코드		*/
			, dgns_targt_brthmt         /* 진단대상생년월 	*/ 
			, dgns_targt_sxdn_cd       	/* 진단대상성별코드 	*/
			, dgns_targt_grade_cd      	/* 진단대상학년코드 	*/
			, dgns_rslt_cnfm_yn        	/* 진단결과확인여부    */
			, rgtn_dt					/* 등록일시 		*/
			, rgtn_user					/* 등록자 			*/
			, mod_dt					/* 수정일			*/
			, mod_user					/* 수정자 			*/
		) VALUES (
			  #{lrnMbrId} 
			, #{chnCd}     
			, #{dgnsTargtBrthmt}   
			, #{dgnsTargtSxdnCd}   
			, #{dgnsTargtGradeCd}     
			, #{dgnsRsltCnfmYn}    
			, #{rgtnDt}            
			, #{rgtnUser}          
			, #{modDt}            
			, #{modUser}         
		)
	</insert>
	
	<!-- (OK) 특정 학습회원의 진단이력 조회 -->
	<select id="selectDgnsHstById" parameterType="String" resultType="com.wjthinkbig.aimath.dgns.vo.DgnsHstVO">
		SELECT /* Dgns_BRS_Mapper.selectDgnsHstById(아이디로 진단 이력을 조회 ) 19001877 */
			lrn_mbr_id				as lrnMbrId				/* 학습회원id		*/
			, dgns_bgn_dt			as dgnsBgnDt			/* 진단시작일시		*/
			, dgns_end_dt			as dgnsEndDt			/* 진단종료일시		*/
			, dgns_targt_brthmt		as dgnsTargtBrthmt		/* 진단대상생년월	*/
			, dgns_targt_sxdn_cd	as dgnsTargtSxdnCd		/* 진단대상성별코드	*/
			, dgns_targt_grade_cd	as dgnsTargtGradeCd		/* 진단대상학년코드	*/
			, bgn_stg_cd			as bgnStgCd				/* 시작스테이지코드	*/
			, comp_stg_cd			as compStgCd			/* 완료스테이지코드	*/
			, dgns_rslt_cnfm_yn		as dgnsRsltCnfmYn		/* 진단결과확인여부	*/
			, rgtn_dt				as rgtnDt				/* 등록일시		*/
			, rgtn_user				as rgtnUser				/* 등록자			*/
			, mod_dt				as modDt				/* 수정일시		*/
			, mod_user				as modUser				/* 수정자			*/
		FROM 
			brs.tb_lnr_dgns_hst 
		WHERE lrn_mbr_id = #{lrnMbrId}						/* 학습회원ID (또는 비회원) */
	</select>
	
	<!-- (NOT) 진단테스트 결과 확인 업데이트   -->
	<update id="updateRsltCnfm" parameterType="com.wjthinkbig.aimath.dgns.vo.DgnsHstVO">
		UPDATE /* Dgns_BRS_Mapper.updateRsltCnfm"(진단 결과 확인 업데이트  )  19001877 */ 
			brs.tb_lnr_dgns_hst 
		SET 
			dgns_rslt_cnfm_yn 		= 'Y'    		/* 진단결과확인여부	*/
			, mod_dt 				= #{modDt}		/* 수정일  		*/
			, mod_user 				= #{modUser}	/* 수정자 			*/
			, lrn_mbr_id 			= #{mbrLrnId} 	/* 학습회원 아이디	*/
		WHERE
			lrn_mbr_id = #{guestId}
	</update>
	
	<!-- 해당 아이디의 진단이력을 지운다 -->
	<delete id="deleteDgnsById" parameterType="String">
		DELETE /* Dgns_BRS_Mapper.deleteDgnsById"(해당 아이디의 진단이력을 지운다 )  19001877 */
		FROM brs.tb_lnr_dgns_hst 
		WHERE lrn_mbr_id = #{mbrLrnId}				/* 학습회원 아이디 */
	</delete>
	
	<!-- 진단 완료후 진단이력 업데이트 -->
	<update id="updateDgnsHst" parameterType="com.wjthinkbig.aimath.dgns.vo.DgnsHstVO">
		UPDATE /* Dgns_BRS_Mapper.updateDgnsHst"(진단 완료후 진단이력 업데이트  ) 19001877 */
			brs.tb_lnr_dgns_hst
		SET 
			dgns_end_dt			= #{dgnsEndDt}				/* 진단 종료일시 	*/
			, dgns_bgn_dt 		= #{dgnsBgnDt}				/* 진단 시작일시 	*/
			, comp_stg_cd 		= #{compStgCd}				/* 적정 스테이지 코드 */
			, bgn_lvl_cd 		= #{bgnLvlCd}				/* 시작 레벨 코드 	*/
			, bgn_stg_cd 		= #{bgnStgCd}				/* 시작 스테이지 코드 */
			, dgns_rslt_cnfm_yn = #{dgnsRsltCnfmYn}			/* 진단 결과 확인	*/
			, mod_user 			= #{modUser}				/* 수정자 			*/
			, mod_dt 			= #{modDt}					/* 수정일 			*/
		WHERE
			lrn_mbr_id = #{lrnMbrId}						/* 학습회원 아이디 	*/
	</update>
	
	<!-- 스테이지 코드로 스테이명과 상세를 가져온다  -->
	<select id="selectStgNm" parameterType="java.util.HashMap" resultType="com.wjthinkbig.aimath.dgns.vo.DgnsStgDtlVO">
		SELECT  /* Dgns_BRS_Mapper.selectStgNm"(스테이지 코드로 스테이명과 상세를 가져온다   ) 19001877 */ 
			stg_nm 					as stgNm	/* 스테이지 명 		*/
			, dtl_cn 				as stgDtl	/* 스테이지 상세 내용 */
		FROM brs.tb_cmn_stg_meta 
		WHERE stg_cd = #{stgCd} 				/* 스테이지 코드 	*/	
		AND lang_cd =#{langCd}; 				/* 언어코드 		*/
	</select>
</mapper>