<?xml version="1.0" encoding="UTF-8"?>
<!DOCTYPE mapper PUBLIC "-//mybatis.org//DTD Mapper 3.0//EN" "http://mybatis.org/dtd/mybatis-3-mapper.dtd">

<mapper namespace="com.wjthinkbig.aimath.inq.service.dao.InqDao">
	
	<!-- 1:1문의 리스트 조회 -->
	<select id="selectInqList" parameterType="com.wjthinkbig.aimath.inq.vo.InqSearchVO" resultType="com.wjthinkbig.aimath.inq.vo.InqVO">	
		SELECT	/* Inq_BRS_Mapper.selectInqList(1:1문의 리스트 조회) 19001861 */
			sm.chn_cd as chnCd							/* 채널코드 */
			, ch.chn_nm as chnNm						/* 채널명 */
			, mi.sbsce_mbr_id as sbsceMbrId				/* 가입회원ID */
			, mi.mbr_inq_sno as mbrInqSno				/* 회원질문고유번호 */
			, mi.inq_title as inqTitle					/* 질문제목 */
			, sm.email_adrs as emailAdrsDe				/* 이메일 */
			, mi.rpl_sts_cd as rplStsCd					/* 답변상태코드 */
			, c.cd_nm as rplStsNm						/* 답변상태명 */
			, mi.rgtn_dt as rgtnDt						/* 등록일시 */
			, mi.rgtn_user as rgtnUser					/* 등록자 */
			, mi.mod_dt as modDt						/* 수정일시 */
			, mi.mod_user as modUser					/* 수정자 */
		FROM
			brs.tb_cmn_mbr_inq mi
			INNER JOIN brs.tb_cmn_sbsce_mbr sm ON sm.mbr_id = mi.sbsce_mbr_id
			INNER JOIN brs.tb_cmn_chn ch ON ch.chn_cd = sm.chn_cd
			INNER JOIN brs.tb_cmn_cd c ON c.cmn_cd = mi.rpl_sts_cd AND c.up_cd = 'RPL_STS_CD'
		<where>
			<if test='chnCd != null and !"".equals(chnCd)'>
				AND ch.chn_cd = #{chnCd}				/* 채널코드 */
			</if>
			<if test='srchTxt != null and !"".equals(srchTxt)'>
				<choose>
					<when test='"TITLE".equals(srchTy)'>
						AND mi.inq_title LIKE '%' || #{srchTxt} || '%'	/* 검색어 */
					</when>
					<when test='"CN".equals(srchTy)'>
						AND mi.inq_cn LIKE '%' || #{srchTxt} || '%'		/* 검색어 */
					</when>
					<when test='"EMAIL".equals(srchTy)'>
						AND sm.email_adrs = #{srchTxtEn}				/* 검색어 */
					</when>
					<when test='"ALL".equals(srchTy)'>
						AND (mi.inq_title LIKE '%' || #{srchTxt} || '%' OR mi.inq_cn LIKE '%' || #{srchTxt} || '%' OR sm.email_adrs = #{srchTxtEn})	/* 검색어 */
					</when>
				</choose>
			</if>
			<if test='rplStsCd != null and !"".equals(rplStsCd)'>
				AND mi.rpl_sts_cd = #{rplStsCd}			/* 답변상태코드 */
			</if>
		</where>
		ORDER BY mi.rgtn_dt DESC
		LIMIT #{rowCnt} OFFSET #{rowCnt} * (#{currentPage} - 1)		/* rowCnt(한페이지에 보여질 리스트 수) currentPage(현재페이지) */
	</select>
	
	<!-- 1:1문의 리스트 수 조회 -->
	<select id="selectInqCnt" parameterType="com.wjthinkbig.aimath.inq.vo.InqSearchVO" resultType="int">	
		SELECT	/* Inq_BRS_Mapper.selectInqCnt(1:1문의 리스트 수 조회) 19001861 */
			COUNT(1) as cnt
		FROM
			brs.tb_cmn_mbr_inq mi
			INNER JOIN brs.tb_cmn_sbsce_mbr sm ON sm.mbr_id = mi.sbsce_mbr_id
			INNER JOIN brs.tb_cmn_chn ch ON ch.chn_cd = sm.chn_cd
			INNER JOIN brs.tb_cmn_cd c ON c.cmn_cd = mi.rpl_sts_cd AND c.up_cd = 'RPL_STS_CD'
		<where>
			<if test='rplStsCd != null and !"".equals(rplStsCd)'>
				AND mi.rpl_sts_cd = #{rplStsCd}			/* 답변상태코드 */
			</if>
		</where>
	</select>
	
	<!-- 1:1문의 리스트 수 조회 (검색 조건 적용) -->
	<select id="selectInqListCnt" parameterType="com.wjthinkbig.aimath.inq.vo.InqSearchVO" resultType="int">	
		SELECT	/* Inq_BRS_Mapper.selectInqListCnt(1:1문의 리스트 수 조회 (검색 조건 적용)) 19001861 */
			COUNT(1) as cnt
		FROM
			brs.tb_cmn_mbr_inq mi
			INNER JOIN brs.tb_cmn_sbsce_mbr sm ON sm.mbr_id = mi.sbsce_mbr_id
			INNER JOIN brs.tb_cmn_chn ch ON ch.chn_cd = sm.chn_cd
			INNER JOIN brs.tb_cmn_cd c ON c.cmn_cd = mi.rpl_sts_cd AND c.up_cd = 'RPL_STS_CD'
		<where>
			<if test='chnCd != null and !"".equals(chnCd)'>
				AND ch.chn_cd = #{chnCd}				/* 채널코드 */
			</if>
			<if test='srchTxt != null and !"".equals(srchTxt)'>
				<choose>
					<when test='"TITLE".equals(srchTy)'>
						AND mi.inq_title LIKE '%' || #{srchTxt} || '%'	/* 검색어 */
					</when>
					<when test='"CN".equals(srchTy)'>
						AND mi.inq_cn LIKE '%' || #{srchTxt} || '%'		/* 검색어 */
					</when>
					<when test='"EMAIL".equals(srchTy)'>
						AND sm.email_adrs = #{srchTxtEn}				/* 검색어 */
					</when>
					<when test='"ALL".equals(srchTy)'>
						AND (mi.inq_title LIKE '%' || #{srchTxt} || '%' OR mi.inq_cn LIKE '%' || #{srchTxt} || '%' OR sm.email_adrs = #{srchTxtEn})	/* 검색어 */
					</when>
				</choose>
			</if>
			<if test='rplStsCd != null and !"".equals(rplStsCd)'>
				AND mi.rpl_sts_cd = #{rplStsCd}			/* 답변상태코드 */
			</if>
		</where>
	</select>
	
	<!-- 1:1문의 단일 조회 -->
	<select id="selectInqById" parameterType="com.wjthinkbig.aimath.inq.vo.InqSearchVO" resultType="com.wjthinkbig.aimath.inq.vo.InqVO">	
		SELECT	/* Inq_BRS_Mapper.selectInqById(1:1문의 단일 조회) 19001861 */
			sm.chn_cd as chnCd							/* 채널코드 */
			, ch.chn_nm as chnNm						/* 채널명 */
			, mi.sbsce_mbr_id as sbsceMbrId				/* 가입회원ID */
			, mi.mbr_inq_sno as mbrInqSno				/* 회원질문고유번호 */
			, mi.inq_title as inqTitle					/* 질문제목 */
			, mi.inq_cn as inqCn						/* 질문내용 */
			, sm.email_adrs as emailAdrsDe				/* 이메일 */
			, mi.rpl_sts_cd as rplStsCd					/* 답변상태코드 */
			, c.cd_nm as rplStsNm						/* 답변상태명 */
			, mir.rpl_cn as rplCn						/* 답변내용 */
			, mi.rgtn_dt as rgtnDt						/* 등록일시 */
			, mi.rgtn_user as rgtnUser					/* 등록자 */
			, mi.mod_dt as modDt						/* 수정일시 */
			, mi.mod_user as modUser					/* 수정자 */
		FROM
			brs.tb_cmn_mbr_inq mi
			INNER JOIN brs.tb_cmn_sbsce_mbr sm ON sm.mbr_id = mi.sbsce_mbr_id
			INNER JOIN brs.tb_cmn_chn ch ON ch.chn_cd = sm.chn_cd
			INNER JOIN brs.tb_cmn_cd c ON c.cmn_cd = mi.rpl_sts_cd AND c.up_cd = 'RPL_STS_CD'
			LEFT JOIN brs.tb_cmn_mbr_inq_rpl mir ON mi.sbsce_mbr_id = mir.sbsce_mbr_id AND mi.mbr_inq_sno = mir.mbr_inq_sno
		WHERE
			mi.sbsce_mbr_id = #{sbsceMbrId}
			AND mi.mbr_inq_sno = #{mbrInqSno}
	</select>
	
	<!-- 1:1문의 질문 신규 등록 -->
	<insert id="insertInq" parameterType="com.wjthinkbig.aimath.inq.vo.InqVO">
    	INSERT	/* Inq_BRS_Mapper.insertInq(1:1문의 질문 신규 등록) 19001861 */
    	INTO brs.tb_cmn_mbr_inq
    		(sbsce_mbr_id										/* 가입회원ID */
    		, mbr_inq_sno										/* 회원질문일련번호 */
    		, inq_title											/* 질문제목 */
    		, inq_cn											/* 질문내용 */
    		, rpl_sts_cd										/* 답변상태코드 */
    		, rgtn_dt											/* 등록일시 */
    		, rgtn_user)										/* 등록자 */
    	VALUES
    		(#{sbsceMbrId}										/* 가입회원ID */
    		, (SELECT COALESCE(MAX(mbr_inq_sno), 0) + 1 
    		FROM brs.tb_cmn_mbr_inq)							/* 회원질문일련번호 */
    		, #{inqTitle}										/* 질문제목 */
    		, #{inqCn}											/* 질문내용 */
    		, #{rplStsCd}										/* 답변상태코드 */
    		, NOW()												/* 등록일시 */
    		, #{rgtnUser})										/* 등록자 */
	</insert>
	
	<!-- 1:1문의 답변 신규 등록 -->
	<insert id="insertInqRpl" parameterType="com.wjthinkbig.aimath.inq.vo.InqRplVO">
    	INSERT	/* Inq_BRS_Mapper.insertInqRpl(1:1문의 답변 신규 등록) 19001861 */
    	INTO brs.tb_cmn_mbr_inq_rpl
    		(sbsce_mbr_id										/* 가입회원ID */
    		, mbr_inq_sno										/* 회원질문일련번호 */
    		, rpl_cn											/* 답변내용 */
    		, rgtn_dt											/* 등록일시 */
    		, rgtn_user)										/* 등록자 */
    	VALUES
    		(#{sbsceMbrId}										/* 가입회원ID */
    		, #{mbrInqSno}										/* 회원질문일련번호 */
    		, #{rplCn}											/* 답변내용 */
    		, NOW()												/* 등록일시 */
    		, #{rgtnUser})										/* 등록자 */
	</insert>
	
	<!-- 1:1문의 질문 변경 -->
	<update id="updateInq" parameterType="com.wjthinkbig.aimath.inq.vo.InqVO">
		UPDATE	/* Inq_BRS_Mapper.updateInq(1:1문의 질문 변경) 19001861 */ brs.tb_cmn_mbr_inq
		SET
			inq_title = #{inqTitle},							/* 질문제목 */
			inq_cn = #{inqCn},									/* 질문내용 */
			mod_dt = NOW(),										/* 수정일시 */
			mod_user = #{modUser}								/* 수정자 */
		WHERE
			sbsce_mbr_id = #{sbsceMbrId}						/* 가입회원ID */
			AND mbr_inq_sno = #{mbrInqSno}						/* 회원질문일련번호 */
			AND rpl_sts_cd = 'RSC01'							/* 답변대기 상태일 경우만 변경 가능 */
	</update>
	
	<!-- 1:1문의 답변상태코드 변경 -->
	<update id="updateInqRplStsCd" parameterType="com.wjthinkbig.aimath.inq.vo.InqVO">
		UPDATE	/* Inq_BRS_Mapper.updateInqRplStsCd(1:1문의 답변상태코드 변경) 19001861 */ brs.tb_cmn_mbr_inq
		SET
			rpl_sts_cd = #{rplStsCd},							/* 답변상태코드 */
			mod_dt = NOW(),										/* 수정일시 */
			mod_user = #{modUser}								/* 수정자 */
		WHERE
			sbsce_mbr_id = #{sbsceMbrId}						/* 가입회원ID */
			AND mbr_inq_sno = #{mbrInqSno}						/* 회원질문일련번호 */
	</update>
	
	<!-- 1:1문의 답변 변경 -->
	<update id="updateInqRpl" parameterType="com.wjthinkbig.aimath.inq.vo.InqRplVO">
		UPDATE	/* Inq_BRS_Mapper.updateInqRpl(1:1문의 답변 변경) 19001861 */ brs.tb_cmn_mbr_inq_rpl
		SET
			rpl_cn = #{rplCn},									/* 답변내용 */
			mod_dt = NOW(),										/* 수정일시 */
			mod_user = #{modUser}								/* 수정자 */
		WHERE
			sbsce_mbr_id = #{sbsceMbrId}						/* 가입회원ID */
			AND mbr_inq_sno = #{mbrInqSno}						/* 회원질문일련번호 */
	</update>
	
	<!-- 1:1문의 질문 삭제 -->
	<delete id="deleteInq" parameterType="com.wjthinkbig.aimath.inq.vo.InqVO">
		DELETE	/* Inq_BRS_Mapper.deleteInq(1:1문의 질문 삭제) 19001861 */
		FROM brs.tb_cmn_mbr_inq
		WHERE
			sbsce_mbr_id = #{sbsceMbrId}						/* 가입회원ID */
			AND mbr_inq_sno = #{mbrInqSno}						/* 회원질문일련번호 */
			AND rpl_sts_cd = 'RSC01'							/* 답변대기 상태일 경우만 삭제 가능 */
	</delete>
	
	<!-- 사용자 -->
	
	<!-- My 1:1문의 리스트 조회 -->
	<select id="selectMyInqList" parameterType="com.wjthinkbig.aimath.inq.vo.InqVO" resultType="com.wjthinkbig.aimath.inq.vo.InqVO">	
		SELECT	/* Inq_BRS_Mapper.selectMyInqList(My 1:1문의 리스트 조회) 19001861 */
			mi.mbr_inq_sno as mbrInqSno					/* 회원질문고유번호 */
			, mi.inq_title as inqTitle					/* 질문제목 */
			, sm.email_adrs as emailAdrsDe				/* 이메일 */
			, mir.rpl_cn as rplCn						/* 답변내용 */
			, mi.rpl_sts_cd as rplStsCd					/* 답변상태코드 */
			, c.cd_nm as rplStsNm						/* 답변상태명 */
			, mi.rgtn_dt as rgtnDt						/* 등록일시 */
			, mi.mod_dt as modDt						/* 수정일시 */
		FROM
			brs.tb_cmn_mbr_inq mi
			INNER JOIN brs.tb_cmn_sbsce_mbr sm ON sm.mbr_id = mi.sbsce_mbr_id
			INNER JOIN brs.tb_cmn_chn ch ON ch.chn_cd = sm.chn_cd
			INNER JOIN brs.tb_cmn_cd c ON c.cmn_cd = mi.rpl_sts_cd AND c.up_cd = 'RPL_STS_CD'
			LEFT JOIN brs.tb_cmn_mbr_inq_rpl mir ON mi.mbr_inq_sno = mir.mbr_inq_sno AND mi.sbsce_mbr_id = mir.sbsce_mbr_id
		WHERE
			mi.sbsce_mbr_id = #{rgtnUser}			/* 가입회원ID */
			AND ch.chn_cd = #{chnCd}				/* 채널코드 */
		ORDER BY mi.rgtn_dt DESC
		LIMIT #{rowCnt} OFFSET #{rowCnt} * (#{currentPage} - 1)		/* rowCnt(한페이지에 보여질 리스트 수) currentPage(현재페이지) */
	</select>
	
	<!-- My 1:1문의 리스트 수 조회 -->
	<select id="selectMyInqListCnt" parameterType="com.wjthinkbig.aimath.inq.vo.InqVO" resultType="int">	
		SELECT	/* Inq_BRS_Mapper.selectMyInqListCnt(My 1:1문의 리스트 수 조회) 19001861 */
			COUNT(1) as cnt
		FROM
			brs.tb_cmn_mbr_inq mi
			INNER JOIN brs.tb_cmn_sbsce_mbr sm ON sm.mbr_id = mi.sbsce_mbr_id
			INNER JOIN brs.tb_cmn_chn ch ON ch.chn_cd = sm.chn_cd
			INNER JOIN brs.tb_cmn_cd c ON c.cmn_cd = mi.rpl_sts_cd AND c.up_cd = 'RPL_STS_CD'
			LEFT JOIN brs.tb_cmn_mbr_inq_rpl mir ON mi.mbr_inq_sno = mir.mbr_inq_sno AND mi.sbsce_mbr_id = mir.sbsce_mbr_id
		WHERE
			mi.sbsce_mbr_id = #{rgtnUser}			/* 가입회원ID */
			AND ch.chn_cd = #{chnCd}				/* 채널코드 */
	</select>
	
</mapper>