<?xml version="1.0" encoding="UTF-8"?>
<!DOCTYPE mapper PUBLIC "-//mybatis.org//DTD Mapper 3.0//EN" "http://mybatis.org/dtd/mybatis-3-mapper.dtd">

<mapper namespace="com.wjthinkbig.aimath.msge.service.dao.MsgeDao">
	
	<!-- 사용자 AI 상황별 메시지 리스트 조회 -->
	<select id="selectMsgeListByDspSitutCd" parameterType="com.wjthinkbig.aimath.msge.vo.MsgeSearchVO" resultType="com.wjthinkbig.aimath.msge.vo.MsgeVO">
		SELECT	/* Msge_BRS_Mapper.selectMsgeListByDspSitutCd(사용자 AI 상황별 메시지 리스트 조회) 19001861 */
			dsp_situt_cd as dspSitutCd				/* 노출상황코드 */
			, lang_cd as langCd						/* 언어코드 */
			, msge_sn as msgeSn						/* 메시지순번 */
			, expl_acrcy_cd as explAcrcyCd			/* 풀이정확도코드 */
			, expl_sped_cd as explSpedCd			/* 풀이속도코드 */
			, comnt_cn as comntCn					/* 코멘트내용 */
			, situt_cn as situtCn					/* 상황내용 */
			, use_yn as useYn						/* 사용여부 */
			, rgtn_dt as rgtnDt						/* 등록일시 */
			, rgtn_user as rgtnUser					/* 등록자 */
			, mod_dt as modDt						/* 수정일시 */
			, mod_user as modUser					/* 수정자 */
		FROM
			brs.tb_cmn_situt_msge
		WHERE
			dsp_situt_cd = #{dspSitutCd}
			AND lang_cd = #{langCd}
			<if test='useYn != null and !"".equals(useYn)'>
				AND use_yn = #{useYn}
			</if>
			<if test='explAcrcyCd != null and !"".equals(explAcrcyCd)'>
				AND expl_acrcy_cd = #{explAcrcyCd}
			</if>
			<if test='explSpedCd != null and !"".equals(explSpedCd)'>
				AND expl_sped_cd = #{explSpedCd}
			</if>
		ORDER BY dsp_situt_cd, msge_sn
	</select>
	
</mapper>