<?xml version="1.0" encoding="UTF-8"?>
<!DOCTYPE mapper PUBLIC "-//mybatis.org//DTD Mapper 3.0//EN" "http://mybatis.org/dtd/mybatis-3-mapper.dtd">
<mapper namespace="com.wjthinkbig.aimath.dgns.service.dao.DgnsDao">
	<select id="selectQstById" parameterType="com.wjthinkbig.aimath.dgns.vo.DgnsQstDtlVO" resultType="com.wjthinkbig.aimath.dgns.vo.DgnsQstDtlVO">
		SELECT	/* Dgns_BRS_Mapper.selectQstById(문제 단일 조회)  */
			m.lang_cd			as langCd			/* 언어코드 */
			, qwm.qst_cd		as qstCd			/* 문항코드 */
			, qwm.stg_cd 		as stgCd			/* 스테이지코드 */
			, q.font_size 		as fontSize			/* 폰트크기 */
			, s.kypd_ty_cd 		as kypdTyCd   		/* 키보드 유형 */
			, m.qst_cn 			as qstCn 			/* 문항내용 */
			, m.text_cn 		as textCn 			/* 지문내용 */
			, m.exmp_cn 		as exmpCn 			/* 보기 내용*/
		FROM 
			brs.tb_cmn_qst_wrtn_mngt qwm
			LEFT JOIN brs.tb_cmn_qst q ON q.qst_cd = qwm.qst_cd
			LEFT JOIN brs.tb_cmn_stg s ON s.stg_cd = qwm.stg_cd
			INNER JOIN brs.tb_cmn_qst_meta m ON m.qst_cd = qwm.qst_cd AND m.lang_cd = #{langCd} 	/* 언어코드 */
		WHERE
			qwm.qst_cd = #{qstCd} 					/* 문항 코드 */
	</select>
	
	<select id="getQstCntById" parameterType="String" resultType="int">
		SELECT	/* Dgns_BRS_Mapper.getQstCntById(문항 존제여부)  */
			count(1) as cnt
		FROM 
			brs.tb_cmn_qst 
		WHERE
			qst_cd = #{qstCd} 					/* 문항 코드 */
	</select>
	
	<select id="selectQstAns" parameterType="String" resultType="com.wjthinkbig.aimath.dgns.vo.DgnsQstResVO">
		SELECT	/* Dgns_BRS_Mapper.selectQstAns(문항의 정답 과 정답유형 )  */
			qst_cransr,cransr_ty_scn_cd
		FROM 
			brs.tb_cmn_qst
		WHERE
			qst_cd = #{qstCd} 					/* 문항 코드 */
	</select>
	
	<insert id="insertDgnsHst" parameterType="com.wjthinkbig.aimath.dgns.vo.DgnsHstVO">
		INSERT /* Dgns_BRS_Mapper.insertDgnsHst(진단 이력을 쌓는다 )  */
		INTO brs.tb_lnr_dgns_hst (
			lrn_mbr_id                  /*학습회원 아이디*/ 
			, chn_cd					/*채널코드*/
			, dgns_bgn_dt               /*진단시작일시 */  
			, dgns_targt_brthmt         /*진단대상생년월 */ 
			, dgns_targt_sxdn_cd       	/*진단대상성별코드 */
			, dgns_targt_grade_cd      	/*진단대상학년코드 */
			, bgn_lvl_cd                /*시작스테이지코드 */
			, bgn_stg_cd               /*완료스테이지코드 */
			, dgns_rslt_cnfm_yn        	/*진단결과확인여부 */
			, rgtn_dt
			, rgtn_user
			, mod_dt
			, mod_user
		) VALUES (
			#{lrnMbrId} 
			, #{chnCd}     
			, #{dgnsBgnDt}             
			, #{dgnsTargtBrthmt}   
			, #{dgnsTargtSxdnCd}   
			, #{dgnsTargtGradeCd}  
			, #{bgnLvlCd}          
			, #{bgnStgCd}         
			, #{dgnsRsltCnfmYn}    
			, #{rgtnDt}            
			, #{rgtnUser}          
			, #{modDt}            
			, #{modUser}         
		)
	</insert>
	
	<select id="selectHstById" parameterType="String" resultType="com.wjthinkbig.aimath.dgns.vo.DgnsHstVO">
		SELECT /* Dgns_BRS_Mapper.selectHstById(진단 이력을 조회한다 )  */
			lrn_mbr_id				as lrnMbrId				/* 학습회원id*/
			, dgns_bgn_dt			as dgnsBgnDt			/* 진단시작일시*/
			, dgns_end_dt			as dgnsEndDt			/* 진단종료일시*/
			, dgns_targt_brthmt		as dgnsTargtBrthmt		/* 진단대상생년월*/
			, dgns_targt_sxdn_cd	as dgnsTargtSxdnCd		/* 진단대상성별코드*/
			, dgns_targt_grade_cd	as dgnsTargtGradeCd		/* 진단대상학년코드*/
			, bgn_stg_cd			as bgnStgCd				/* 시작스테이지코드*/
			, comp_stg_cd			as compStgCd			/* 완료스테이지코드*/
			, dgns_rslt_cnfm_yn		as dgnsRsltCnfmYn		/* 진단결과확인여부*/
			, rgtn_dt				as rgtnDt				/* 등록일시*/
			, rgtn_user				as rgtnUser				/* 등록자*/
			, mod_dt				as modDt				/* 수정일시*/
			, mod_user				as modUser				/* 수정자*/
		FROM 
			brs.tb_lnr_dgns_hst 
		WHERE lrn_mbr_id = #{geustId}
		AND dgns_rslt_cnfm_yn = 'N';
	</select>
	
	<update id="updateRsltCnfm" parameterType="com.wjthinkbig.aimath.dgns.vo.DgnsHstVO">
		UPDATE /* Dgns_BRS_Mapper.updateRsltCnfm"(진단 이력을 업데이트 한다)  */ 
			brs.tb_lnr_dgns_hst 
		SET 
			dgns_rslt_cnfm_yn = 'Y'    		/* 진단결과확인여부*/
			, mod_dt = #{modDt}
			, mod_user = #{modUser}
			, lrn_mbr_id = #{mbrLrnId} 		/* 학습회원 아이디*/
		WHERE
			lrn_mbr_id = #{guestId}
	</update>
	
	<select id="selectLvlStgByQst" parameterType="com.wjthinkbig.aimath.dgns.vo.DgnsPropsResVO" resultType="com.wjthinkbig.aimath.dgns.vo.DgnsHstVO">
		SELECT  /* Dgns_BRS_Mapper.selectLvlStgByQst"(문항코드로 레벨과 스테이지를 구한다)  */ 
			qst.stg_cd 		as bgnStgCd   /*시작 스테이지 */
			, rel.lvl_cd	as bgnLvlCd   /*시작 레벨 */
		FROM brs.tb_cmn_qst qst
		LEFT JOIN brs.tb_cmn_lvl_stg_rel rel on rel.stg_cd = qst.stg_cd 
		WHERE qst.qst_cd = #{qstCd};
	</select>
	
	<delete id="deleteDgnsById" parameterType="String">
		/* Dgns_BRS_Mapper.selectLvlStgByQst"(해당아이디의 진단이력을 지운다 )  */ 
		DELETE FROM brs.tb_lnr_dgns_hst where lrn_mbr_id = #{mbrLrnId}
	</delete>
	
	<update id="updateDgnsHst" parameterType="com.wjthinkbig.aimath.dgns.vo.DgnsHstVO">
		UPDATE /* Dgns_BRS_Mapper.selectLvlStgByQst"(진단 완료후 진단이력 업데이트  ) */ 
			brs.tb_lnr_dgns_hst
		SET 
			dgns_end_dt = #{dgnsEndDt}
			, comp_stg_cd = #{compStgCd}
			, dgns_bgn_dt = #{dgnsBgnDt}
			, mod_user = #{modUser}
			, mod_dt = #{modDt}
		WHERE
			lrn_mbr_id = #{lrnMbrId}
	</update>
	
	<select id="selectStgNm" parameterType="java.util.HashMap" resultType="com.wjthinkbig.aimath.dgns.vo.DgnsStgDtlVO">
		SELECT  /* Dgns_BRS_Mapper.selectStgNm"(스테이지 코드로 스테이명과 상세   ) */ 
			stg_nm as stgNm
			, dtl_cn as stgDtl
		FROM brs.tb_cmn_stg_meta 
		WHERE stg_cd = #{stgCd} and lang_cd =#{langCd};
	</select>
</mapper>