<?xml version="1.0" encoding="UTF-8"?>
<!DOCTYPE mapper PUBLIC "-//mybatis.org//DTD Mapper 3.0//EN" "http://mybatis.org/dtd/mybatis-3-mapper.dtd">

<mapper namespace="com.wjthinkbig.aimath.mbr.service.dao.MbrDao">

	<!-- 신규 가입 회원등록(가입) -->
	<insert id="insertMbr" parameterType="com.wjthinkbig.aimath.mbr.vo.MbrVO">
		INSERT  /* Mbr_BRS_Mapper.insertMbr(신규 가입원등록) heeseokkim*/
		INTO brs.tb_cmn_sbsce_mbr (
			mbr_id
			, email_adrs
			, chn_cd
			, pw
			, phone
			, email_cert_yn
			, session_id
			, del_yn
			, rgtn_dt
			, rgtn_user
			, mod_dt
			, mod_user
			, pw_chnge_dt
		) VALUES (
			  #{mbrId}			/* 회원ID */
			, #{emailAdrs}		/* 이메일주소 */
			, #{chnCd}			/* 채널코드 */
			, #{pw}				/* 비밀번호 */
			, #{phone}			/* 휴대폰 번호 */
			, #{emailCertYn}	/* 이메일인증여부 */
			, #{sessionId}		/* 세션 아이디 */
			, #{delYn}			/* 탈퇴여부 */
			, #{rgtnDt}			/* 등록일시 */
			, #{rgtnUser}		/* 등록자 */
			, #{modDt}          /* 수정일*/
			, #{modUser}        /* 수정자 */
			, #{pwChngeDt}      /* 비밀번호 변경 일시*/
		)
	</insert>
	<update id="updateEmailCertYn" parameterType="String">
		UPDATE /* User_BRS_Mapper.updateEmailCertYn (이메일 인증 업데이트) kimheeseok*/ 
			brs.tb_cmn_sbsce_mbr mbr
		SET
			email_cert_yn = 'Y'
		WHERE
			mbr_id = #{mbrId}
	</update>
	<!-- 학습  가입 회원등록(가입) -->
	<insert id="insertMbrLrn" parameterType="com.wjthinkbig.aimath.mbr.vo.MbrLrnVO">
		INSERT  /* Mbr_BRS_Mapper.insertLrnMbr(신규 학습원등록) heeseokkim*/
		INTO brs.tb_cmn_lrn_mbr (
			  mbr_id 
			, sbsce_mbr_id 
			, mbr_nm 
			, brthmt
			, sxdn_cd
			, emotc_sno 
			, del_yn 
			, rgtn_dt 
			, rgtn_user
			, mod_dt
			, mod_user
		) VALUES (
			  #{mbrId}		/* 회원ID */
			, #{sbsceMbrId}	/* 가입회원ID */
			, #{mbrNm}		/* 회원명 */
			, #{brthmt}		/* 생년월 */
			, #{sxdnCd}		/* 성별코드 */
			, #{emotcSno}	/* 이모티콘일련번호 */
			, #{delYn}		/* 삭제여부 */
			, #{rgtnDt}		/* 등록일시 */
			, #{rgtnUser}	/* 등록자 */
			, #{modDt}      /* 수정일*/
			, #{modUser}    /* 수정자 */
		)
	</insert>
	<!-- 회원 가입 약관을 등록한다  -->
	<insert id="insertMbrTerms" parameterType="com.wjthinkbig.aimath.mbr.vo.MbrTermsVO">
		INSERT /* Mbr_BRS_Mapper.insertMbrTerms(신규 학습원등록) heeseokkim*/
		INTO brs.tb_cmn_mbr_terms (
			sbsce_mbr_id
			,terms_id
			,agrmt_yn
			,rgtn_dt
			,rgtn_user
			,mod_dt
			,mod_user
		) values (
			#{sbsceMbrId}		/* 가입회원ID */
			, #{termsId}		/* 약관ID */
			, #{agrmtYn}		/* 동의여부 */
			, #{rgtnDt}		    /* 등록일시 */
			, #{rgtnUser}	    /* 등록자 */
			, #{modDt}          /* 수정일*/
			, #{modUser}        /* 수정자 */
		)		
	</insert>
	<!-- 해당 이메일 주소를 가진 회원의 존재여부 -->
	<select id="isExistsByEmail" parameterType="string" resultType="boolean">
		SELECT /* Mbr_BRS_Mapper.isExistsByEmail(해당 이메일 주소를 가진 회원의 존재여부) heeseokkim*/
			count(1) as cnt 
		FROM 
		    brs.tb_cmn_sbsce_mbr
		WHERE
		    email_adrs IS NOT NULL
		AND email_adrs = #{emailEn}    
	</select>
	
	<!-- 해당 이메일 주소를 가진 회원의 회원정보 -->
	<select id="selectMbrByEmail" parameterType="com.wjthinkbig.aimath.mbr.vo.MbrVO" resultType="com.wjthinkbig.aimath.mbr.vo.MbrVO">
		SELECT /* Mbr_BRS_Mapper.selectMbrByEmail(해당 이메일 주소를 가진 회원의 회원정보) heeseokkim*/
			mbr.mbr_id					as mbrId					/*회원ID*/
			,mbr.email_adrs				as emailAdrs				/*이메일주소*/
			,mbr.chn_cd					as chnCd					/*채널코드*/
			,mbr.pw						as pw						/*비밀번호*/
			,mbr.phone					as phone					/*휴대폰번호*/
			,mbr.pw_chnge_dt			as pwChngeDt				/*비밀번호변경일시*/
			,mbr.email_cert_yn			as emailCertYn				/*이메일인증여부*/
			,mbr.session_id				as sessionId				/*세션ID*/
			,mbr.del_yn					as delYn					/*탈퇴여부*/
			,mbr.rgtn_dt				as rgtnDt					/*등록일시*/
			,mbr.rgtn_user				as rgtnUser					/*등록자*/
			,mbr.mod_dt					as modDt					/*수정일시*/
			,mbr.mod_user				as modUser					/*수정자*/
			,lastlogin.login_dt			as loginDt					/*최종접속일*/
			,COALESCE(lrnCount.count,0)	as mbrLrnCnt				/*학습회원수*/
		FROM
			 brs.tb_cmn_sbsce_mbr mbr
			 LEFT JOIN (
			 		SELECT 
						MAX(login_bgn_dt) as login_dt
						, sbsce_mbr_id
					FROM brs.tb_cmn_sbsce_mbr_login_hst
					GROUP BY sbsce_mbr_id
			 	) lastlogin ON lastlogin.sbsce_mbr_id = mbr.mbr_id
		LEFT JOIN (
			 	SELECT COUNT(1) as count, sbsce_mbr_id
			 	FROM brs.tb_cmn_lrn_mbr
			 	WHERE del_yn = 'N'
			 	GROUP BY sbsce_mbr_id
			 	) lrnCount ON lrnCount.sbsce_mbr_id = mbr.mbr_id 	/*학습회원수 TABEL*/
		WHERE
			mbr.mbr_id is not null
			AND mbr.del_yn='N'
			AND mbr.email_adrs= #{emailAdrs}
	</select>
	
	<!-- 특정 회원조회 -->
	<select id="selectMbrById" parameterType="string" resultType="com.wjthinkbig.aimath.mbr.vo.MbrVO">
		SELECT /* User_BRS_Mapper.selectMbrById (특정 가입  회원조회) 김희석*/
			m.mbr_id			as mbrId			/* 회원ID*/
			,m.email_adrs		as emailAdrs		/* 이메일주소*/
			,chnNm.chn_nm		as chnCd	        /*채널이름*/
			,m.pw				as pw 				/* 비밀번호*/
			,m.phone			as phone			/* 휴대폰번호*/
			,m.pw_chnge_dt		as pwChngeDt		/* 비밀번호변경일시*/
			,m.email_cert_yn	as emailCertYn		/* 이메일인증여부*/
			,m.session_id		as sessionId		/* 세션ID*/
			,m.del_yn			as delYn			/* 탈퇴여부*/
			,m.rgtn_dt			as rgtnDt			/* 등록일시*/
			,m.rgtn_user		as rgtnUser			/* 등록자*/
			,m.mod_dt			as modDt			/* 수정일시*/
			,m.mod_user			as modUser			/* 수정자*/
			,mlh.login_dt		as loginDt			/*최종접속일*/
			,COALESCE(lrnCount.count,0)	as mbrLrnCnt/*학습회원수*/
		FROM 
			brs.tb_cmn_sbsce_mbr m
			LEFT JOIN(
				SELECT
					MAX(login_dt) as login_dt
					,mbr_id
				FROM brs.tb_cmn_mbr_login_hst
				GROUP BY mbr_id
				) mlh on mlh.mbr_id = m.mbr_id
			 LEFT JOIN (
			 	SELECT COUNT(1) as count, sbsce_mbr_id
			 	FROM brs.tb_cmn_lrn_mbr
			 	WHERE del_yn = 'N'
			 	GROUP BY sbsce_mbr_id
			 	) lrnCount ON lrnCount.sbsce_mbr_id = m.mbr_id 	/*학습회원수 TABEL*/
			 LEFT JOIN (select chn_nm, chn_cd from brs.tb_cmn_chn) chnNm on chnNm.chn_cd = m.chn_cd /*채널명 */
		WHERE  del_yn='N'
		AND m.mbr_id=#{mbrId};
	</select>
	
	<!-- 특정 회원의 학습자 리스트 조회 -->
	<select id="selectMbrLrnListById" parameterType="String" resultType="com.wjthinkbig.aimath.mbr.vo.MbrLrnVO">
		SELECT /* User_BRS_Mapper.selectMbrLrnListById (특정 회원의 학습자 조회) 김희석*/
			lrn.mbr_id 			as mbrId			/*회원ID*/
			,lrn.sbsce_mbr_id	as sbsceMbrId		/*가입회원ID*/
			,lrn.mbr_nm			as mbrNm			/*회원명*/
			,lrn.brthmt			as brthmt			/*생년월*/
			,lrn.sxdn_cd		as sxdnCd			/*성별코드*/
			,lrn.emotc_sno		as emotcSno			/*이모티콘일련번호*/
			,lrn.del_yn			as delYn			/*삭제여부*/
			,lrn.rgtn_dt		as rgtnDt			/*등록일시*/
			,lrn.rgtn_user		as rgtnUser			/*등록자*/
			,lrn.mod_dt			as modDt 			/*수정일시*/
			,lrn.mod_user		as modUser 			/*수정자*/
			,dgns.comp_stg_cd	as dgnsStg 			/*진단완료 스테이지*/
			,dgns.dgns_end_dt	as dgnsEndDt 		/*진단완료 날짜 */
			,cous.stg_cd 		as rctCousStg		/*최근 코스학습 스테이지 */
			,cous.lrn_end_dt	as rctCousDt 		/*최근 코스학습 종료날짜 */
			,thma.stg_cd 		as rctThmaStg 		/*최근 주제학습 스테이지 */
			,thma.lrn_end_dt	as rctThmaDt 		/*최근 주제학습 종료날짜 */
		FROM
			brs.tb_cmn_lrn_mbr lrn
			LEFT JOIN brs.tb_lnr_dgns_hst dgns
			ON dgns.lrn_mbr_id = lrn.mbr_id
			LEFT JOIN
			( select lrn_end_dt, stg_cd ,lrn_mbr_id, row_number() over(partition by lrn_mbr_id order by lrn_end_dt desc) rn
			  from brs.tb_lnr_cous_enty_stg_hst join brs.tb_cmn_lrn_mbr lrn
			  on lrn_mbr_id = lrn.mbr_id and lrn.sbsce_mbr_id=#{sbsceMbrId}  and del_yn='N'
			) cous
			on cous.lrn_mbr_id  = lrn.mbr_id and cous.rn=1
			LEFT JOIN
			  ( select lrn_end_dt, stg_cd ,lrn_mbr_id, row_number() over(partition by lrn_mbr_id order by lrn_end_dt desc) rn
			  from brs.tb_lnr_thma_enty_stg_hst join brs.tb_cmn_lrn_mbr lrn
			  on lrn_mbr_id = lrn.mbr_id and lrn.sbsce_mbr_id=#{sbsceMbrId} and del_yn='N'
			  ) thma
			  ON thma.lrn_mbr_id = lrn.mbr_id and thma.rn=1
		WHERE
			lrn.del_yn = 'N'
			AND lrn.sbsce_mbr_id=#{sbsceMbrId}
		ORDER BY lrn.rgtn_dt desc;
	</select>
	
	<!-- 특정 학습자 회원 조회 -->
	<select id="selectMbrLrnById" parameterType="String" resultType="com.wjthinkbig.aimath.mbr.vo.MbrLrnVO">
		SELECT /* User_BRS_Mapper.selectMbrLrnById (특정 학습 회원 조회) 김희석*/
		 	lrn.mbr_id    			as mbrId   		/*회원ID*/
		 	, lrn.sbsce_mbr_id 		as sbsceMbrId	/*가입회원ID*/
		 	, lrn.mbr_nm   			as mbrNm   		/*회원명*/
		 	, lrn.brthmt   			as brthmt   	/*생년월*/
		 	, lrn.sxdn_cd  			as sxdnCd   	/*성별코드*/
		 	, lrn.emotc_sno  		as emotcSno   	/*이모티콘일련번호*/
		 	, lrn.del_yn   			as delYn   		/*삭제여부*/
		 	, lrn.rgtn_dt  			as rgtnDt   	/*등록일시*/
		 	, lrn.rgtn_user  		as rgtnUser   	/*등록자*/
		 	, lrn.mod_dt   			as modDt    	/*수정일시*/
		 	, lrn.mod_user  		as modUser    	/*수정자*/
		 	, dgns.comp_stg_cd 		as dgnsStg    	/*진단완료 스테이지*/
		 	, dgns.dgns_end_dt 		as dgnsEndDt   	/*진단완료 날짜 */
		 	, cous.stg_cd   		as rctCousStg  	/*최근 코스학습 스테이지 */
		 	, cous.lrn_end_dt 		as rctCousDt   	/*최근 코스학습 종료날짜 */
		 	, thma.stg_cd   		as rctThmaStg   /*최근 주제학습 스테이지 */
		 	, thma.lrn_end_dt 		as rctThmaDt   	/*최근 주제학습 종료날짜 */
		FROM
		 brs.tb_cmn_lrn_mbr lrn
		 LEFT JOIN brs.tb_lnr_dgns_hst dgns 
		 ON dgns.lrn_mbr_id = lrn.mbr_id
		 LEFT JOIN 
		  ( select lrn_end_dt, stg_cd ,lrn_mbr_id
		  from brs.tb_lnr_cous_enty_stg_hst where lrn_mbr_id = #{mbrId} order by lrn_end_dt desc limit 1 ) cous  
		  ON cous.lrn_mbr_id = lrn.mbr_id 
		 LEFT JOIN
		  ( select lrn_end_dt, stg_cd ,lrn_mbr_id
		  from brs.tb_lnr_thma_enty_stg_hst where lrn_mbr_id = #{mbrId} order by lrn_end_dt desc limit 1   )thma  
		  ON thma.lrn_mbr_id = lrn.mbr_id
		WHERE
		 lrn.del_yn = 'N'
		 AND lrn.mbr_id = #{mbrId};
	</select>
		
	<!-- 전체 회원조회 -->
	<select id="selectMbrs" parameterType="com.wjthinkbig.aimath.mbr.vo.MbrSearchVO" resultType="com.wjthinkbig.aimath.mbr.vo.MbrVO">
		SELECT   /* User_BRS_Mapper.selectMbrs (전체 회원조회 ) 김희석*/
			mbr.mbr_id					as mbr_id					/*회원ID*/
			,mbr.email_adrs				as email_adrs				/*이메일주소*/
			,chnNm.chn_nm				as chn_cd					/*채널이름*/
			,mbr.pw						as pw						/*비밀번호*/
			,mbr.phone					as phone					/*휴대폰번호*/
			,mbr.pw_chnge_dt			as pw_chnge_dt				/*비밀번호변경일시*/
			,mbr.email_cert_yn			as email_cert_yn			/*이메일인증여부*/
			,mbr.session_id				as session_id				/*세션ID*/
			,mbr.del_yn					as del_yn					/*탈퇴여부*/
			,mbr.rgtn_dt				as rgtn_dt					/*등록일시*/
			,mbr.rgtn_user				as rgtn_user				/*등록자*/
			,mbr.mod_dt					as mod_dt					/*수정일시*/
			,mbr.mod_user				as mod_user					/*수정자*/
			,lastlogin.login_dt			as loginDt					/*최종접속일*/
			,COALESCE(lrnCount.count,0)	as mbrLrnCnt				/*학습회원수*/
		FROM
			 brs.tb_cmn_sbsce_mbr mbr
			 LEFT JOIN (
			 		SELECT 
						MAX(login_bgn_dt) as login_dt
						, sbsce_mbr_id
					FROM brs.tb_cmn_sbsce_mbr_login_hst
					GROUP BY sbsce_mbr_id
			 	) lastlogin ON lastlogin.sbsce_mbr_id = mbr.mbr_id
			 LEFT JOIN (
			 	SELECT COUNT(1) as count, sbsce_mbr_id
			 	FROM brs.tb_cmn_lrn_mbr
			 	WHERE del_yn = 'N'
			 	GROUP BY sbsce_mbr_id
			 	) lrnCount ON lrnCount.sbsce_mbr_id = mbr.mbr_id 	/*학습회원수 TABEL*/
			 LEFT JOIN (select chn_nm, chn_cd from brs.tb_cmn_chn) chnNm on chnNm.chn_cd = mbr.chn_cd /*채널명 */
		WHERE
			mbr.mbr_id is not null
			AND mbr.del_yn='N'
			<if test='chnCd != null and !"".equals(chnCd)'>
				AND mbr.chn_cd = #{chnCd}
			</if>
			
			<if test='srchTxt != null and !"".equals(srchTxt)'>
				<choose>
					<when test='"EMAIL".equals(srchTy)'>
						AND mbr.email_adrs = #{srchTxt}
					</when>
					<when test='"NM".equals(srchTy)'>
						AND mbr.mbr_id IN (
								SELECT lrn.sbsce_mbr_id
								FROM brs.tb_cmn_lrn_mbr lrn
								WHERE
									lrn.del_yn = 'N'
									AND lrn.mbr_nm like '%${srchTxt}%'
							)
					</when>
					<when test='"ALL".equals(srchTy)'>
						AND (mbr.email_adrs = #{srchTxt}
							OR mbr.mbr_id IN (
								SELECT mbrlrn.sbsce_mbr_id
								FROM brs.tb_cmn_lrn_mbr mbrlrn
								WHERE
									mbrlrn.del_yn = 'N'
									AND mbrlrn.mbr_nm like '%${srchTxt}%'
							))
					</when>
				</choose>
			</if>
			<if test='startSbsceYmd != null and !"".equals(startSbsceYmd)'>
				AND mbr.rgtn_dt <![CDATA[ >= ]]> to_timestamp(#{startSbsceYmd},'YYYY-MM-DD HH24:MI:SS') 
			</if>
			<if test='endSbsceYmd != null and !"".equals(endSbsceYmd)'>
			   AND mbr.rgtn_dt <![CDATA[ <= ]]> to_timestamp(#{endSbsceYmd},'YYYY-MM-DD HH24:MI:SS')+'0-1 00:00:00'
			</if>
		ORDER BY rgtn_dt DESC
		<if test='"Y".equals(pagingYn)'>
			LIMIT #{rowCnt} OFFSET #{rowCnt} * (#{currentPage} - 1)
		</if>
	</select>
	<!-- 회원수  조회 -->
	<select id="selectMbrsCnt" parameterType="com.wjthinkbig.aimath.mbr.vo.MbrSearchVO" resultType="int">
		SELECT  /* User_BRS_Mapper.selectMbrsCnt (전체 회원수 조회 ) 김희석*/
			 COUNT(1) AS cnt
		FROM
			brs.tb_cmn_sbsce_mbr mbr
			 LEFT JOIN (
			 		SELECT 
						MAX(login_bgn_dt) as login_dt
						, sbsce_mbr_id
					FROM brs.tb_cmn_sbsce_mbr_login_hst
					GROUP BY sbsce_mbr_id
			 	) lastlogin ON lastlogin.sbsce_mbr_id = mbr.mbr_id
			 LEFT JOIN (
			 	SELECT COUNT(1) as count, sbsce_mbr_id
			 	FROM brs.tb_cmn_lrn_mbr
			 	WHERE del_yn = 'N'
			 	GROUP BY sbsce_mbr_id
			 	) lrnCount ON lrnCount.sbsce_mbr_id = mbr.mbr_id 	/*학습회원수 TABEL*/
			 LEFT JOIN (select chn_nm, chn_cd from brs.tb_cmn_chn) chnNm on chnNm.chn_cd = mbr.chn_cd /*채널명 */
		WHERE
			mbr.mbr_id is not null
			AND mbr.del_yn='N'
			<if test='chnCd != null and !"".equals(chnCd)'>
				AND mbr.chn_cd = #{chnCd}
			</if>
			
			<if test='srchTxt != null and !"".equals(srchTxt)'>
				<choose>
					<when test='"EMAIL".equals(srchTy)'>
						AND mbr.email_adrs = #{srchTxt}
					</when>
					<when test='"NM".equals(srchTy)'>
						AND mbr.mbr_id IN (
								SELECT lrn.sbsce_mbr_id
								FROM brs.tb_cmn_lrn_mbr lrn
								WHERE
									lrn.del_yn = 'N'
									AND lrn.mbr_nm like '%${srchTxt}%'
							)
					</when>
					<when test='"ALL".equals(srchTy)'>
						AND (mbr.email_adrs = #{srchTxt}
							OR mbr.mbr_id IN (
								SELECT mbrlrn.sbsce_mbr_id
								FROM brs.tb_cmn_lrn_mbr mbrlrn
								WHERE
									mbrlrn.del_yn = 'N'
									AND mbrlrn.mbr_nm like '%${srchTxt}%'
							))
					</when>
				</choose>
			</if>
			<if test='startSbsceYmd != null and !"".equals(startSbsceYmd)'>
				AND mbr.rgtn_dt <![CDATA[ >= ]]> to_timestamp(#{startSbsceYmd},'YYYY-MM-DD HH24:MI:SS') 
			</if>
			<if test='endSbsceYmd != null and !"".equals(endSbsceYmd)'>
			   AND mbr.rgtn_dt <![CDATA[ <= ]]> to_timestamp(#{endSbsceYmd},'YYYY-MM-DD HH24:MI:SS')+'0-1 00:00:00'
			</if>
		</select>
		
	<!-- 학습자 단일 삭제  -->
	<delete id="deleteMbrLrn" parameterType="com.wjthinkbig.aimath.mbr.vo.MbrLrnVO">
		UPDATE /* User_BRS_Mapper.deleteMbrLrn (학습자 삭제) kimheeseok*/ 
			brs.tb_cmn_lrn_mbr
		SET
			del_yn = 'Y'
			, mod_user = #{modUser}					/* 수정자 */
			, mod_dt = #{modDt}						/* 수정일시 */
		WHERE
			mbr_id = #{mbrId}
	</delete>
	
	<!-- 회원 정보 삭제 -->
	<delete id="deleteMbr" parameterType="com.wjthinkbig.aimath.mbr.vo.MbrVO">
		UPDATE /* User_BRS_Mapper.deleteMbr (회원 정보 삭제) kimheeseok*/ 
			brs.tb_cmn_sbsce_mbr
		SET
			del_yn = 'Y'
			, mod_user = #{modUser}					/* 수정자 */
			, mod_dt = #{modDt}						/* 수정일시 */
		WHERE
			mbr_id = #{mbrId}
	</delete>
	
	<!-- 학습자 일괄 삭제 -->
	<delete id="deleteMbrLrnBySbsceId" parameterType="com.wjthinkbig.aimath.mbr.vo.MbrVO">
		UPDATE /* User_BRS_Mapper.deleteMbrLrnBySbsceId (회원 정보 삭제) kimheeseok*/ 
			brs.tb_cmn_lrn_mbr
		SET
			del_yn = 'Y'
			, mod_user = #{modUser}					/* 수정자 */
			, mod_dt = #{modDt}						/* 수정일시 */
		WHERE
			sbsce_mbr_id = #{mbrId}
	</delete>
	
	<!-- 회원정보 변경 -->
	<update id="updateMbr" parameterType="com.wjthinkbig.aimath.mbr.vo.MbrVO">
		UPDATE /* User_BRS_Mapper.updateUser (회원정보 변경) kim hee seok*/ 
			brs.tb_cmn_sbsce_mbr
		SET
			pw = #{pw}								/* 비밀번호 */
			,phone = #{phone}						/* 전화번호 */
			,pw_chnge_dt = #{pwChngeDt}				/* 비밀번호변경일시 */
			, mod_user = #{modUser}					/* 수정자 */
			, mod_dt = #{modDt}						/* 수정일시 */
		WHERE
			mbr_id = #{mbrId}
	</update>
	
	<!-- 학습자 정보 변경 -->
	<update id="updateMbrLrn" parameterType="com.wjthinkbig.aimath.mbr.vo.MbrLrnVO">
		UPDATE /* User_BRS_Mapper.updateMbrLrn (학습자 정보 변경) 19001861*/ 
			brs.tb_cmn_lrn_mbr
		SET
			 mbr_nm = #{mbrNm}						/* 회원명 */
			, emotc_sno = #{emotcSno}               /* 이모티콘 */	
			, sxdn_cd = #{sxdnCd}					/* 성별코드 */
			, mod_user = #{modUser}					/* 수정자 */
			, mod_dt = #{modDt}						/* 수정일시 */
		WHERE
			sbsce_mbr_id = #{sbsceMbrId}
			AND mbr_id = #{mbrId}
	</update>
	<insert id="insertMbrLog" parameterType="java.util.HashMap">
		INSERT  /* Mbr_BRS_Mapper.insertMbrLog(로그인 접속로그) heeseokkim*/
		INTO brs.tb_cmn_sbsce_mbr_login_hst (
			sbsce_mbr_id
			, login_bgn_dt
			,device_scn_cd
		) VALUES (
			#{mbrId}
			,#{loginDt}
			,#{deviceScnCd}
		)
	</insert>
	<insert id="insertMbrLrnLog"  parameterType="java.util.HashMap">
		INSERT /* Mbr_BRS_Mapper.insertMbrLrnLog(학습회원 집입 로그) heeseokkim*/
		INTO brs.tb_cmn_lrn_mbr_enty_hst (
			lrn_mbr_id
			,enty_bgn_dt
		) VALUES (
			#{lrnMbrId}
			,#{entyBgnDt}
		)
	</insert>
	
	<select id="selectMbrByCtrCode" parameterType="String" resultType="com.wjthinkbig.aimath.mbr.vo.MbrVO">
		SELECT /* User_BRS_Mapper.selectMbrById (특정 가입  회원조회) 김희석*/
			m.mbr_id			as mbrId			/* 회원ID*/
			,m.email_adrs		as emailAdrs		/* 이메일주소*/
			,chnNm.chn_nm		as chnCd	        /*채널이름*/
			,m.pw				as pw 				/* 비밀번호*/
			,m.phone			as phone			/* 휴대폰번호*/
			,m.pw_chnge_dt		as pwChngeDt		/* 비밀번호변경일시*/
			,m.email_cert_yn	as emailCertYn		/* 이메일인증여부*/
			,m.session_id		as sessionId		/* 세션ID*/
			,m.del_yn			as delYn			/* 탈퇴여부*/
			,m.rgtn_dt			as rgtnDt			/* 등록일시*/
			,m.rgtn_user		as rgtnUser			/* 등록자*/
			,m.mod_dt			as modDt			/* 수정일시*/
			,m.mod_user			as modUser			/* 수정자*/
			,mlh.login_dt		as loginDt			/*최종접속일*/
			,COALESCE(lrnCount.count,0)	as mbrLrnCnt/*학습회원수*/
		FROM 
			brs.tb_cmn_sbsce_mbr m
			LEFT JOIN(
				SELECT
					MAX(login_dt) as login_dt
					,mbr_id
				FROM brs.tb_cmn_mbr_login_hst
				GROUP BY mbr_id
				) mlh on mlh.mbr_id = m.mbr_id
			 LEFT JOIN (
			 	SELECT COUNT(1) as count, sbsce_mbr_id
			 	FROM brs.tb_cmn_lrn_mbr
			 	WHERE del_yn = 'N'
			 	GROUP BY sbsce_mbr_id
			 	) lrnCount ON lrnCount.sbsce_mbr_id = m.mbr_id 	/*학습회원수 TABEL*/
			 LEFT JOIN (select chn_nm, chn_cd from brs.tb_cmn_chn) chnNm on chnNm.chn_cd = m.chn_cd /*채널명 */
		WHERE  del_yn='N'
		AND m.email_adrs = #{contract}
	</select>
</mapper>