<?xml version="1.0" encoding="UTF-8"?>
<!DOCTYPE mapper PUBLIC "-//mybatis.org//DTD Mapper 3.0//EN" "http://mybatis.org/dtd/mybatis-3-mapper.dtd">

<mapper namespace="com.wjthinkbig.aimath.terms.service.dao.TermsDao">
	
	<!-- 이용약관 설정 전체 리스트 조회 -->
	<select id="selectTermsList" parameterType="com.wjthinkbig.aimath.terms.vo.TermsSearchVO" resultType="com.wjthinkbig.aimath.terms.vo.TermsVO">	
		SELECT	/* Terms_BRS_Mapper.selectTermsList(이용약관 설정 전체 리스트 조회) 19001861 */
			terms_id as termsId							/* 약관ID */
			, terms_nm as termsNm						/* 약관명 */
			, odr as odr								/* 순서 */
			, use_yn as useYn							/* 사용여부 */
			, esntl_yn as esntlYn						/* 필수여부 */
			, rgtn_dt as rgtnDt							/* 등록일 */
			, rgtn_user as rgtnUser						/* 등록자 */
			, mod_dt as modDt							/* 수정일 */
			, mod_user as modUser						/* 수정자 */
		FROM
			brs.tb_cmn_terms_info
		ORDER BY odr ASC, rgtn_dt DESC
		<if test='"Y".equals(pagingYn)'>
			LIMIT #{rowCnt} OFFSET #{rowCnt} * (#{currentPage} - 1)		/* rowCnt(한페이지에 보여질 리스트 수) currentPage(현재페이지) */
		</if>
	</select>
	
	<!-- 이용약관 설정 전체 리스트 수 조회 (검색 조건 적용) -->
	<select id="selectTermsListCnt" parameterType="com.wjthinkbig.aimath.terms.vo.TermsSearchVO" resultType="int">	
		SELECT	/* Terms_BRS_Mapper.selectTermsListCnt(이용약관 설정 전체 리스트 수 조회 (검색 조건 적용)) 19001861 */
			COUNT(1) as cnt
		FROM
			brs.tb_cmn_terms_info
	</select>
	
	<!-- 이용약관 설정 단일 조회 -->
	<select id="selectTermsById" parameterType="String" resultType="com.wjthinkbig.aimath.terms.vo.TermsVO">
		SELECT	/* Terms_BRS_Mapper.selectTermsById(이용약관 설정 단일 조회) 19001861 */
			terms_id as termsId							/* 약관ID */
			, terms_nm as termsNm						/* 약관명 */
			, odr as odr								/* 순서 */
			, use_yn as useYn							/* 사용여부 */
			, esntl_yn as esntlYn						/* 필수여부 */
			, rgtn_dt as rgtnDt							/* 등록일 */
			, rgtn_user as rgtnUser						/* 등록자 */
			, mod_dt as modDt							/* 수정일 */
			, mod_user as modUser						/* 수정자 */
		FROM
			brs.tb_cmn_terms_info
		WHERE
			terms_id = #{termsId}
	</select>
	
	<!-- 신규등록시 사용할 이용약관ID 채번 -->
	<select id="selectNewTermsId" resultType="String">
		SELECT	/* Terms_BRS_Mapper.selectNewTermsId(신규등록시 사용할 이용약관ID 채번) 19001861 */
			CASE
				WHEN CAST(MAX(SUBSTRING(terms_id, LENGTH(terms_id) - 1, 2)) AS INTEGER) + 1 <![CDATA[ > ]]> 9 THEN 'TERMS' ||  CAST(MAX(SUBSTRING(terms_id, LENGTH(terms_id) - 1, 2)) AS INTEGER) + 1
				WHEN CAST(MAX(SUBSTRING(terms_id, LENGTH(terms_id) - 1, 2)) AS INTEGER) + 1 <![CDATA[ <= ]]> 9 THEN 'TERMS0' ||  CAST(MAX(SUBSTRING(terms_id, LENGTH(terms_id) - 1, 2)) AS INTEGER) + 1
			END AS newTermsId
		FROM brs.tb_cmn_terms_info
	</select>
	
	<!-- 이용약관 설정 등록 -->
	<insert id="insertTerms" parameterType="com.wjthinkbig.aimath.terms.vo.TermsVO">
    	INSERT	/* Terms_BRS_Mapper.insertTerms(이용약관 설정 등록) 19001861 */
    	INTO brs.tb_cmn_terms_info
    		(terms_id									/* 약관ID */
			, terms_nm									/* 약관명 */
			, odr										/* 순서 */
			, use_yn									/* 사용여부 */
			, esntl_yn									/* 필수여부 */
			, rgtn_dt									/* 등록일 */
			, rgtn_user									/* 등록자 */
			, mod_dt									/* 수정일 */
			, mod_user									/* 수정자 */
    	) VALUES (
    	    #{termsId}									/* 약관ID */
			, #{termsNm}								/* 약관명 */
			, #{odr}									/* 순서 */
			, #{useYn}									/* 사용여부 */
			, #{esntlYn}								/* 필수여부 */
    	   	, NOW()										/* 등록일 */
    	   	, #{rgtnUser}								/* 등록자 */
    	   	, NOW()										/* 수정일 */
    	   	, #{rgtnUser})								/* 수정자 */
	</insert>
	
	<!-- 이용약관 설정 수정 -->
	<update id="updateTerms" parameterType="com.wjthinkbig.aimath.terms.vo.TermsVO">
		UPDATE	/* Terms_BRS_Mapper.updateTerms(이용약관 설정 수정) 19001861 */ brs.tb_cmn_terms_info
		SET
			terms_nm = #{termsNm}						/* 약관명 */
			, odr = #{odr}								/* 순서 */
			, use_yn = #{useYn}							/* 사용여부 */
			, esntl_yn = #{esntlYn}						/* 필수여부 */
			, mod_dt = NOW()							/* 수정일시 */
			, mod_user = #{modUser}						/* 수정자 */
		WHERE
			terms_id = #{termsId}						/* 약관ID */
	</update>
	
	<!-- 이용약관 설정 정보 삭제 -->
	<delete id="deleteTerms" parameterType="com.wjthinkbig.aimath.terms.vo.TermsVO">
		DELETE	/* Terms_BRS_Mapper.deleteTerms(이용약관 설정 정보 삭제) 19001861 */
		FROM brs.tb_cmn_terms_info
		WHERE
			terms_id = #{termsId}						/* 약관ID */
	</delete>
	
	<!-- 이용약관 이력 -->
	
	<!-- 이용약관 이력 정보 전체 리스트 수 조회 -->
	<select id="selectTermsHstCnt" parameterType="com.wjthinkbig.aimath.terms.vo.TermsHstSearchVO" resultType="int">	
		SELECT	/* Terms_BRS_Mapper.selectTermsHstCnt(이용약관 이력 정보 전체 리스트 수 조회) 19001861 */
			COUNT(1) as cnt
		FROM 
			brs.tb_cmn_terms_info ti
			INNER JOIN brs.tb_cmn_terms_hst th ON ti.terms_id = th.terms_id
		<where>
			<if test='termsId != null and !"".equals(termsId)'>
				AND ti.terms_id = #{termsId}			/* 약관ID */
			</if>
		</where>
	</select>
	
	<!-- 이용약관 이력 전체 리스트 조회 -->
	<select id="selectTermsHstList" parameterType="com.wjthinkbig.aimath.terms.vo.TermsHstSearchVO" resultType="com.wjthinkbig.aimath.terms.vo.TermsHstVO">
		SELECT	/* Terms_BRS_Mapper.selectTermsHstList(이용약관 이력 전체 리스트 조회) 19001861 */
			ti.terms_id as termsId						/* 약관ID */
			, ti.terms_nm as termsNm					/* 약관명 */
			, th.terms_hst_sno as termsHstSno			/* 약관이력일련번호 */
			, tm.terms_thma as termsThma				/* 약관주제 */
			, th.chn_cd as chnCd						/* 채널코드 */
			, ch.chn_nm as chnNm						/* 채널명 */
			, ti.odr as odr								/* 순서 */
			, th.use_yn as useYn						/* 사용여부 */
			, ti.esntl_yn as esntlYn					/* 필수여부 */
			, th.cn_incln_yn as cnInclnYn				/* 내용포함여부 */
			, th.aplcn_ymd as aplcnYmd					/* 적용일자 */
			, (SELECT
				ARRAY_TO_STRING(ARRAY_AGG(c.cd_nm ORDER BY c.cd_nm DESC), ', ')
			FROM
				brs.tb_cmn_terms_meta tm
				INNER JOIN brs.tb_cmn_cd c ON tm.lang_cd = c.cmn_cd AND c.up_cd = 'LANG_CD'
			WHERE tm.terms_id = ti.terms_id
				AND tm.terms_hst_sno = th.terms_hst_sno) as langText	/* 등록언어 */
			, th.rgtn_dt as rgtnDt						/* 등록일 */
			, th.rgtn_user as rgtnUser					/* 등록자 */
			, th.mod_dt as modDt						/* 수정일 */
			, th.mod_user as modUser					/* 수정자 */
		FROM
			brs.tb_cmn_terms_info ti
			INNER JOIN brs.tb_cmn_terms_hst th ON ti.terms_id = th.terms_id
			INNER JOIN brs.tb_cmn_chn ch ON ch.chn_cd = th.chn_cd
			INNER JOIN brs.tb_cmn_terms_meta tm ON tm.terms_id = ti.terms_id AND tm.terms_hst_sno = th.terms_hst_sno 
				AND tm.lang_cd = #{langCd} AND th.chn_cd = tm.chn_cd				/* 언어코드 */
		<where>
			<if test='chnCd != null and !"".equals(chnCd)'>
				AND th.chn_cd = #{chnCd}
			</if>
		</where>
		ORDER BY ch.chn_nm ASC, ti.odr ASC, th.rgtn_dt DESC
		<if test='"Y".equals(pagingYn)'>
			LIMIT #{rowCnt} OFFSET #{rowCnt} * (#{currentPage} - 1)		/* rowCnt(한페이지에 보여질 리스트 수) currentPage(현재페이지) */
		</if>
	</select>
	
	<!-- 이용약관 이력 전체 리스트 수 조회 (검색 조건 적용) -->
	<select id="selectTermsHstListCnt" parameterType="com.wjthinkbig.aimath.terms.vo.TermsHstSearchVO" resultType="int">
		SELECT	/* Terms_BRS_Mapper.selectTermsHstListCnt(이용약관 이력 전체 리스트 수 조회 (검색 조건 적용)) 19001861 */
			COUNT(1) as cnt
		FROM
			brs.tb_cmn_terms_info ti
			INNER JOIN brs.tb_cmn_terms_hst th ON ti.terms_id = th.terms_id
			INNER JOIN brs.tb_cmn_chn ch ON ch.chn_cd = th.chn_cd
			INNER JOIN brs.tb_cmn_terms_meta tm ON tm.terms_id = ti.terms_id AND tm.terms_hst_sno = th.terms_hst_sno 
				AND tm.lang_cd = #{langCd} AND th.chn_cd = tm.chn_cd				/* 언어코드 */
		<where>
			<if test='chnCd != null and !"".equals(chnCd)'>
				AND th.chn_cd = #{chnCd}
			</if>
		</where>
	</select>
	
	<!-- 이용약관 이력 단일 조회 -->
	<select id="selectTermsHst" parameterType="com.wjthinkbig.aimath.terms.vo.TermsHstSearchVO" resultType="com.wjthinkbig.aimath.terms.vo.TermsHstVO">
		SELECT	/* Terms_BRS_Mapper.selectTermsHstList(이용약관 이력 전체 리스트 조회) 19001861 */
			ti.terms_id as termsId						/* 약관ID */
			, ti.terms_nm as termsNm					/* 약관명 */
			, th.terms_hst_sno as termsHstSno			/* 약관이력일련번호 */
			, tm.terms_thma as termsThma				/* 약관주제 */
			, tm.terms_cn as termsCn					/* 약관내용 */
			, th.chn_cd as chnCd						/* 채널코드 */
			, ch.chn_nm as chnNm						/* 채널명 */
			, ti.odr as odr								/* 순서 */
			, th.use_yn as useYn						/* 사용여부 */
			, ti.esntl_yn as esntlYn					/* 필수여부 */
			, th.cn_incln_yn as cnInclnYn				/* 내용포함여부 */
			, th.aplcn_ymd as aplcnYmd					/* 적용일자 */
			, th.rgtn_dt as rgtnDt						/* 등록일 */
			, th.rgtn_user as rgtnUser					/* 등록자 */
			, th.mod_dt as modDt						/* 수정일 */
			, th.mod_user as modUser					/* 수정자 */
		FROM
			brs.tb_cmn_terms_info ti
			INNER JOIN brs.tb_cmn_terms_hst th ON ti.terms_id = th.terms_id
			INNER JOIN brs.tb_cmn_chn ch ON ch.chn_cd = th.chn_cd
			INNER JOIN brs.tb_cmn_terms_meta tm ON tm.terms_id = ti.terms_id AND tm.terms_hst_sno = th.terms_hst_sno
				AND tm.lang_cd = #{langCd} AND th.chn_cd = tm.chn_cd				/* 언어코드 */
		WHERE
			th.terms_id = #{termsId}						/* 약관ID */
			AND th.terms_hst_sno = #{termsHstSno}			/* 약관이력일련번호 */
			<if test='chnCd != null and !"".equals(chnCd)'>
				AND th.chn_cd = #{chnCd}					/* 채널코드 */
			</if>
	</select>
	
	<!-- 이용약관 이력 단일 조회 -->
	<select id="selectTermsHstById" parameterType="com.wjthinkbig.aimath.terms.vo.TermsHstSearchVO" resultType="com.wjthinkbig.aimath.terms.vo.TermsHstVO">
		SELECT	/* Terms_BRS_Mapper.selectTermsHstList(이용약관 이력 전체 리스트 조회) 19001861 */
			ti.terms_id as termsId						/* 약관ID */
			, ti.terms_nm as termsNm					/* 약관명 */
			, th.terms_hst_sno as termsHstSno			/* 약관이력일련번호 */
			, th.chn_cd as chnCd						/* 채널코드 */
			, ch.chn_nm as chnNm						/* 채널명 */
			, ti.odr as odr								/* 순서 */
			, th.use_yn as useYn						/* 사용여부 */
			, ti.esntl_yn as esntlYn					/* 필수여부 */
			, th.cn_incln_yn as cnInclnYn				/* 내용포함여부 */
			, th.aplcn_ymd as aplcnYmd					/* 적용일자 */
			, th.rgtn_dt as rgtnDt						/* 등록일 */
			, th.rgtn_user as rgtnUser					/* 등록자 */
			, th.mod_dt as modDt						/* 수정일 */
			, th.mod_user as modUser					/* 수정자 */
		FROM
			brs.tb_cmn_terms_info ti
			INNER JOIN brs.tb_cmn_terms_hst th ON ti.terms_id = th.terms_id
			INNER JOIN brs.tb_cmn_chn ch ON ch.chn_cd = th.chn_cd
		WHERE
			th.terms_id = #{termsId}						/* 약관ID */
			AND th.terms_hst_sno = #{termsHstSno}			/* 약관이력일련번호 */
			<if test='chnCd != null and !"".equals(chnCd)'>
				AND th.chn_cd = #{chnCd}					/* 채널코드 */
			</if>
	</select>
	
	<!-- 이용약관 메타 전체 리스트 조회 -->
	<select id="selectTermsMetaList" parameterType="com.wjthinkbig.aimath.terms.vo.TermsHstSearchVO" resultType="com.wjthinkbig.aimath.terms.vo.TermsMetaVO">
		SELECT	/* Terms_BRS_Mapper.selectTermsMetaList(이용약관 메타 전체 리스트 조회) 19001861 */
			tm.terms_id as termsId							/* 약관ID */
			, tm.terms_hst_sno as termsHstSno				/* 약관이력일련번호 */
			, tm.lang_cd as langCd							/* 언어코드 */
			, tm.chn_cd as chnCd							/* 채널코드 */
			, tm.terms_thma as termsThma					/* 약관주제 */
			, tm.terms_cn as termsCn						/* 약관내용 */
			, tm.rgtn_dt as rgtnDt							/* 등록일 */
			, tm.rgtn_user as rgtnUser						/* 등록자 */
		FROM
			brs.tb_cmn_terms_meta tm
			INNER JOIN brs.tb_cmn_cd c ON c.cmn_cd = tm.lang_cd AND c.up_cd = 'LANG_CD' AND c.use_yn = 'Y'
			INNER JOIN brs.tb_cmn_cd c2 ON c2.cmn_cd = c.up_cd AND c2.use_yn = 'Y'
		WHERE
			terms_id = #{termsId}						/* 약관ID */
			AND terms_hst_sno = #{termsHstSno}			/* 약관이력일련번호 */
			<if test='chnCd != null and !"".equals(chnCd)'>
				AND th.chn_cd = #{chnCd}					/* 채널코드 */
			</if>
		ORDER BY c.odr
	</select>
	
	<!-- 이용약관 이력 등록 -->
	<insert id="insertTermsHst" parameterType="com.wjthinkbig.aimath.terms.vo.TermsHstVO">
		<selectKey resultType="int" keyProperty="termsHstSno" order="BEFORE">
			SELECT COALESCE(MAX(terms_hst_sno), 0) + 1 FROM brs.tb_cmn_terms_hst
		</selectKey>
    	INSERT	/* Terms_BRS_Mapper.insertTermsHst(이용약관 이력 등록) 19001861 */
    	INTO brs.tb_cmn_terms_hst
    		(terms_id									/* 약관ID */
			, chn_cd									/* 채널코드 */
			, terms_hst_sno								/* 약관이력일련번호 */
			, aplcn_ymd									/* 적용일자 */
			, use_yn									/* 사용여부 */
			, cn_incln_yn								/* 내용포함여부 */
			, rgtn_dt									/* 등록일 */
			, rgtn_user									/* 등록자 */
			, mod_dt									/* 수정일 */
			, mod_user									/* 수정자 */
    	) VALUES (
    	    #{termsId}									/* 약관ID */
			, #{chnCd}									/* 채널코드 */
			, #{termsHstSno}							/* 약관이력일련번호 */
			, #{aplcnYmd}								/* 적용일자 */
			, #{useYn}									/* 사용여부 */
			, #{cnInclnYn}								/* 내용포함여부 */
    	   	, NOW()										/* 등록일 */
    	   	, #{rgtnUser}								/* 등록자 */
    	   	, NOW()										/* 수정일 */
    	   	, #{rgtnUser})								/* 수정자 */
	</insert>
	
	<!-- 이용약관 이력 메타 등록 -->
	<insert id="insertTermsMeta" parameterType="com.wjthinkbig.aimath.terms.vo.TermsMetaVO">
    	INSERT	/* Terms_BRS_Mapper.insertTermsMeta(이용약관 이력 메타 등록) 19001861 */
    	INTO brs.tb_cmn_terms_meta
    		(terms_id									/* 약관ID */
			, chn_cd									/* 채널코드 */
			, terms_hst_sno								/* 약관이력일련번호 */
			, lang_cd									/* 언어코드 */
			, terms_thma								/* 약관주제 */
			, terms_cn									/* 약관내용 */
			, rgtn_dt									/* 등록일 */
			, rgtn_user									/* 등록자 */
			, mod_dt									/* 수정일 */
			, mod_user									/* 수정자 */
    	) VALUES (
    	    #{termsId}									/* 약관ID */
			, #{chnCd}									/* 채널코드 */
			, #{termsHstSno}							/* 약관이력일련번호 */
			, #{langCd}									/* 언어코드 */
			, #{termsThma}								/* 약관주제 */
			, #{termsCn}								/* 약관내용 */
    	   	, NOW()										/* 등록일 */
    	   	, #{rgtnUser}								/* 등록자 */
    	   	, NOW()										/* 수정일 */
    	   	, #{rgtnUser})								/* 수정자 */
	</insert>
	
	<!-- 이용약관 이력 수정 -->
	<update id="updateTermsHst" parameterType="com.wjthinkbig.aimath.terms.vo.TermsHstVO">
		UPDATE	/* Terms_BRS_Mapper.updateTermsHst(이용약관 이력 수정) 19001861 */ brs.tb_cmn_terms_hst
		SET
			<if test='termsId != null and !"".equals(termsId)'>
				terms_id = #{termsId},					/* 약관ID */
			</if>
			<if test='chnCd != null and !"".equals(chnCd)'>
				chn_cd = #{chnCd},						/* 채널코드 */
			</if>
			aplcn_ymd = #{aplcnYmd},					/* 적용일자 */
			use_yn = #{useYn},							/* 사용여부 */
			cn_incln_yn = #{cnInclnYn},					/* 내용포함여부 */
			mod_dt = NOW(),								/* 수정일시 */
			mod_user = #{modUser}						/* 수정자 */
		WHERE
			terms_hst_sno = #{termsHstSno}				/* 약관이력일련번호 */
	</update>
	
	<!-- 이용약관 이력 정보 삭제 -->
	<delete id="deleteTermsHst" parameterType="com.wjthinkbig.aimath.terms.vo.TermsHstVO">
		DELETE	/* Terms_BRS_Mapper.deleteTermsHst(이용약관 이력 정보 삭제) 19001861 */
		FROM brs.tb_cmn_terms_hst
		WHERE
			terms_id = #{termsId}						/* 약관ID */
			AND terms_hst_sno = #{termsHstSno}			/* 약관이력일련번호 */
	</delete>
	
	<!-- 이용약관 메타 정보 삭제 -->
	<delete id="deleteTermsMeta" parameterType="com.wjthinkbig.aimath.terms.vo.TermsMetaVO">
		DELETE	/* Terms_BRS_Mapper.deleteTermsMeta(이용약관 메타 정보 삭제) 19001861 */
		FROM brs.tb_cmn_terms_meta
		WHERE
			terms_hst_sno = #{termsHstSno}			/* 약관이력일련번호 */
	</delete>
	
	<!-- 사용자 -->
	
	<!-- 사용자 회원 가입 시 이용약관 리스트  -->
	<select id="selectTermsChannelsList" parameterType="com.wjthinkbig.aimath.terms.vo.TermsHstSearchVO" resultType="com.wjthinkbig.aimath.terms.vo.TermsHstVO">
		SELECT	/* Terms_BRS_Mapper.selectTermsChannelsList(사용자 회원 가입 시 이용약관 리스트 ) 19001861 */
			ti.terms_id as termsId						/* 약관ID */
			, ti.terms_nm as termsNm					/* 약관명 */
			, th.terms_hst_sno as termsHstSno			/* 약관이력일련번호 */
			, tm.terms_thma as termsThma				/* 약관주제 */
			, tm.terms_cn as termsCn					/* 약관내용 */
			, ti.esntl_yn as esntlYn					/* 필수여부 */
			, th.cn_incln_yn as cnInclnYn				/* 내용포함여부 */
		FROM
			brs.tb_cmn_terms_info ti
			INNER JOIN brs.tb_cmn_terms_hst th ON ti.terms_id = th.terms_id
			INNER JOIN brs.tb_cmn_chn ch ON ch.chn_cd = th.chn_cd
			INNER JOIN brs.tb_cmn_terms_meta tm ON tm.terms_id = ti.terms_id AND tm.terms_hst_sno = th.terms_hst_sno
				AND tm.lang_cd = #{langCd} AND th.chn_cd = tm.chn_cd				/* 언어코드 */
			INNER JOIN (SELECT
				terms_id,
				chn_cd,
				MAX(terms_hst_sno) as terms_hst_sno
			FROM
				brs.tb_cmn_terms_hst 
			WHERE
				use_yn = 'Y'
				AND aplcn_ymd <![CDATA[ <= ]]> TO_CHAR(NOW(), 'YYYYMMDD')
				AND chn_cd = #{chnCd}												/* 채널코드 */
			GROUP BY terms_id, chn_cd) t1 ON th.terms_hst_sno = t1.terms_hst_sno AND th.chn_cd = t1.chn_cd AND t1.terms_id = ti.terms_id
		WHERE
			ti.use_yn = 'Y'
		ORDER BY ti.odr ASC
	</select>
	
	<!-- 이용약관 이력 약관ID별 리스트 조회 -->
	<select id="selectTermsHstListByTermsId" parameterType="com.wjthinkbig.aimath.terms.vo.TermsHstSearchVO" resultType="com.wjthinkbig.aimath.terms.vo.TermsHstVO">
		SELECT	/* Terms_BRS_Mapper.selectTermsHstListByTermsId(이용약관 이력 약관ID별 리스트 조회) 19001861 */
			ti.terms_id as termsId						/* 약관ID */
			, ti.terms_nm as termsNm					/* 약관명 */
			, th.terms_hst_sno as termsHstSno			/* 약관이력일련번호 */
			, tm.terms_thma as termsThma				/* 약관주제 */
			, tm.terms_cn as termsCn					/* 약관내용 */
			, th.cn_incln_yn as cnInclnYn				/* 내용포함여부 */
			, th.aplcn_ymd as aplcnYmd					/* 적용일자 */
		FROM
			brs.tb_cmn_terms_info ti
			INNER JOIN brs.tb_cmn_terms_hst th ON ti.terms_id = th.terms_id
			INNER JOIN brs.tb_cmn_chn ch ON ch.chn_cd = th.chn_cd
			INNER JOIN brs.tb_cmn_terms_meta tm ON tm.terms_id = ti.terms_id AND tm.terms_hst_sno = th.terms_hst_sno 
				AND tm.lang_cd = #{langCd} AND th.chn_cd = tm.chn_cd				/* 언어코드 */
		WHERE
			ti.terms_id = #{termsId}
			AND th.chn_cd = #{chnCd}
		ORDER BY th.rgtn_dt DESC
	</select>
	
</mapper>