<?xml version="1.0" encoding="UTF-8"?>
<!DOCTYPE mapper PUBLIC "-//mybatis.org//DTD Mapper 3.0//EN" "http://mybatis.org/dtd/mybatis-3-mapper.dtd">

<mapper namespace="com.wjthinkbig.aimath.stg.service.dao.StgDao">
	
	<!-- 커리큘럼 소주제 전체 리스트 조회 -->
	<select id="selectStgList" parameterType="com.wjthinkbig.aimath.stg.vo.StgSearchVO" resultType="com.wjthinkbig.aimath.stg.vo.StgVO">
		SELECT	/* Stg_BRS_Mapper.selectStgList(커리큘럼 소주제 전체 리스트 조회) 19001861 */
			s.stg_cd as stgCd							/* 스테이지코드 */
			, sm.stg_nm as stgNm						/* 스테이지명 */
			, sm.dtl_cn as dtlCn						/* 상세내용 */
			, s.thma_cd as thmaCd						/* 주제코드 */
			, t.thma_nm as thmaNm						/* 주제명 */
			, s.stg_img_file_path as stgImgFilePath		/* 스테이지 이미지 파일 경로 */
			, s.stg_img_file_nm as stgImgFileNm			/* 스테이지 이미지 파일명 */
			, s.kypd_ty_cd as kypTyCd					/* 키패드유형코드 */
			, c.cd_nm as kypTyNm						/* 키패드유형코드명 */
			, s.use_yn as useYn							/* 노출여부 */
			, s.rgtn_dt as rgtnDt						/* 등록일시 */
			, s.rgtn_user as rgtnUser					/* 관리자id */
			, s.mod_dt as modDt							/* 수정일시 */
			, s.mod_user as modUser						/* 수정자 */
			, CASE
				WHEN (SELECT COUNT(1) FROM brs.tb_cmn_stg_meta sm2 WHERE sm2.stg_cd = s.stg_cd AND sm2.cncp_meta IS NOT NULL AND sm2.lang_cd = #{langCd}) <![CDATA[ > ]]> 0 THEN 'Y'
				ELSE 'N'
			END as metaYn								/* 개념메타 등록 여부 */
		FROM 
			brs.tb_cmn_stg s
			INNER JOIN brs.tb_cmn_stg_meta sm ON sm.stg_cd = s.stg_cd and sm.lang_cd = #{langCd}
			INNER JOIN brs.tb_cmn_thma t ON s.thma_cd = t.thma_cd
			INNER JOIN brs.tb_cmn_cd c ON c.cmn_cd = s.kypd_ty_cd AND c.up_cd = 'KYPD_TY_CD'
		<where>
			<if test='stgAbrvCd != null and !"".equals(stgAbrvCd)'>
				AND SUBSTRING(s.stg_cd, 1, 1) = #{stgAbrvCd}			/* 소주제 단계코드 */
			</if>
			<if test='srchTxt != null and !"".equals(srchTxt)'>
				<choose>
					<when test='"CODE".equals(srchTy)'>
						AND s.stg_cd = #{srchTxt}		/* 검색어 */
					</when>
					<when test='"NM".equals(srchTy)'>
						AND sm.stg_nm LIKE '%' || #{srchTxt} || '%'	/* 검색어 */
					</when>
					<when test='"ALL".equals(srchTy)'>
						AND (s.stg_cd = #{srchTxt} OR sm.stg_nm LIKE '%' || #{srchTxt} || '%')	/* 검색어 */
					</when>
				</choose>
			</if>
			<if test='thmaCd != null and !"".equals(thmaCd)'>
				AND s.thma_cd = #{thmaCd}				/* 대주제코드 */
			</if>
		</where>
		<if test='odrTy != null and !"".equals(odrTy)'>
			<choose>
				<when test='"DTD".equals(odrTy)'>
					ORDER BY s.rgtn_dt DESC
				</when>
				<when test='"DTA".equals(odrTy)'>
					ORDER BY s.rgtn_dt
				</when>
				<when test='"CDA".equals(odrTy)'>
					ORDER BY s.stg_cd
				</when>
				<when test='"CDD".equals(odrTy)'>
					ORDER BY s.stg_cd desc
				</when>
			</choose>
		</if>
		<if test='odrTy == null or "".equals(odrTy)'>
			ORDER BY s.stg_cd
		</if>
		<if test='"Y".equals(pagingYn)'>
			LIMIT #{rowCnt} OFFSET #{rowCnt} * (#{currentPage} - 1)		/* rowCnt(한페이지에 보여질 리스트 수) currentPage(현재페이지) */
		</if>
	</select>
	
	<!-- 커리큘럼 소주제 전체 리스트 수 조회 -->
	<select id="selectStgCnt" parameterType="com.wjthinkbig.aimath.stg.vo.StgSearchVO" resultType="int">
		SELECT	/* Stg_BRS_Mapper.selectStgCnt(커리큘럼 소주제 전체 리스트 조회) 19001861 */
			COUNT(1) AS cnt
		FROM 
			brs.tb_cmn_stg s
			INNER JOIN brs.tb_cmn_thma t ON s.thma_cd = t.thma_cd
		<where>
			<if test='stgAbrvCd != null and !"".equals(stgAbrvCd)'>
				AND SUBSTRING(s.stg_cd, 1, 1) = #{stgAbrvCd}			/* 소주제 단계코드 */
			</if>
			<if test='thmaCd != null and !"".equals(thmaCd)'>
				AND s.thma_cd = #{thmaCd}				/* 대주제 코드 */
			</if>
		</where>
	</select>
	
	<!-- 커리큘럼 소주제 전체 리스트 수 조회 (검색조건 적용) -->
	<select id="selectStgListCnt" parameterType="com.wjthinkbig.aimath.stg.vo.StgSearchVO" resultType="int">
		SELECT	/* Stg_BRS_Mapper.selectStgListCnt(커리큘럼 소주제 전체 리스트 수 조회 (검색조건 적용)) 19001861 */
			COUNT(1) as cnt
		FROM 
			brs.tb_cmn_stg s
			INNER JOIN brs.tb_cmn_stg_meta sm ON sm.stg_cd = s.stg_cd and sm.lang_cd = #{langCd}
			INNER JOIN brs.tb_cmn_thma t ON s.thma_cd = t.thma_cd
			INNER JOIN brs.tb_cmn_cd c ON c.cmn_cd = s.kypd_ty_cd AND c.up_cd = 'KYPD_TY_CD'
		<where>
			<if test='stgAbrvCd != null and !"".equals(stgAbrvCd)'>
				AND SUBSTRING(s.stg_cd, 1, 1) = #{stgAbrvCd}			/* 소주제 단계코드 */
			</if>
			<if test='srchTxt != null and !"".equals(srchTxt)'>
				<choose>
					<when test='"CODE".equals(srchTy)'>
						AND s.stg_cd = #{srchTxt}		/* 검색어 */
					</when>
					<when test='"NM".equals(srchTy)'>
						AND sm.stg_nm LIKE '%' || #{srchTxt} || '%'	/* 검색어 */
					</when>
					<when test='"ALL".equals(srchTy)'>
						AND (s.stg_cd = #{srchTxt} OR sm.stg_nm LIKE '%' || #{srchTxt} || '%')	/* 검색어 */
					</when>
				</choose>
			</if>
			<if test='thmaCd != null and !"".equals(thmaCd)'>
				AND s.thma_cd = #{thmaCd}				/* 대주제코드 */
			</if>
		</where>
	</select>
	
	<!-- 커리큘럼 소주제 단일 조회(언어코드 필수) -->
	<select id="selectStg" parameterType="string" resultType="com.wjthinkbig.aimath.stg.vo.StgVO">
		SELECT	/* Stg_BRS_Mapper.selectStg(커리큘럼 소주제 단일 조회(언어코드 필수)) 19001861 */
			s.stg_cd as stgCd							/* 스테이지코드 */
			, sm.stg_nm as stgNm						/* 스테이지명 */
			, sm.dtl_cn as dtlCn						/* 상세내용 */
			, sm.step_nm as stepNm						/* 스텝명 */
			, sm.cncp_meta as cncpMeta					/* 개념메타 */
			, s.thma_cd as thmaCd						/* 주제코드 */
			, t.thma_nm as thmaNm						/* 주제명 */
			, s.stg_img_file_path as stgImgFilePath		/* 스테이지 이미지 파일 경로 */
			, s.stg_img_file_nm as stgImgFileNm			/* 스테이지 이미지 파일명 */
			, s.kypd_ty_cd as kypdTyCd					/* 키패드유형코드 */
			, s.use_yn as useYn							/* 노출여부 */
			, s.pre_stg_cd as preStgCd					/* 선행학습 스테이지 코드 */
			, s.rgtn_dt as rgtnDt						/* 등록일시 */
			, s.rgtn_user as rgtnUser					/* 관리자id */
			, s.mod_dt as modDt							/* 수정일시 */
			, s.mod_user as modUser						/* 수정자 */
		FROM 
			brs.tb_cmn_stg s
			INNER JOIN brs.tb_cmn_stg_meta sm ON s.stg_cd = sm.stg_cd AND sm.lang_cd = #{langCd}
			INNER JOIN brs.tb_cmn_thma t ON s.thma_cd = t.thma_cd
		WHERE
			s.stg_cd = #{stg_cd}
	</select>
	
	<!-- 커리큘럼 소주제 단일 조회 -->
	<select id="selectStgById" parameterType="string" resultType="com.wjthinkbig.aimath.stg.vo.StgVO">
		SELECT	/* Stg_BRS_Mapper.selectStgById(커리큘럼 소주제 단일 조회) 19001861 */
			s.stg_cd as stgCd							/* 스테이지코드 */
			, s.thma_cd as thmaCd						/* 주제코드 */
			, t.thma_nm as thmaNm						/* 주제명 */
			, s.stg_img_file_path as stgImgFilePath		/* 스테이지 이미지 파일 경로 */
			, s.stg_img_file_nm as stgImgFileNm			/* 스테이지 이미지 파일명 */
			, s.kypd_ty_cd as kypdTyCd					/* 키패드유형코드 */
			, s.use_yn as useYn							/* 노출여부 */
			, s.pre_stg_cd as preStgCd					/* 선행학습 스테이지 코드 */
			, s.rgtn_dt as rgtnDt						/* 등록일시 */
			, s.rgtn_user as rgtnUser					/* 관리자id */
			, s.mod_dt as modDt							/* 수정일시 */
			, s.mod_user as modUser						/* 수정자 */
		FROM 
			brs.tb_cmn_stg s
			INNER JOIN brs.tb_cmn_thma t ON s.thma_cd = t.thma_cd
		WHERE
			s.stg_cd = #{stg_cd}
	</select>
	
	<!-- 커리큘럼 소주제 코드 중복 여부 확인 -->
	<select id="selectStgCdDplctCeck" parameterType="string" resultType="int">	
		SELECT	/* Stg_BRS_Mapper.selectStgCdDplctCeck(커리큘럼 소주제 코드 중복 여부 확인) 19001861 */
			COUNT(1) as cnt
		FROM brs.tb_cmn_stg
		WHERE stg_cd = #{stg_cd}						/* 소주제 코드 */
	</select>
	
	<!-- 커리큘럼 소주제 메타 리스트 조회 -->
	<select id="selectStgMetaList" parameterType="com.wjthinkbig.aimath.stg.vo.StgMetaSearchVO" resultType="com.wjthinkbig.aimath.stg.vo.StgMetaVO">
		SELECT	/* Stg_BRS_Mapper.selectStgMetaList(커리큘럼 소주제 메타 리스트 조회) 19001861 */
			stg_cd as stgCd								/* 스테이지코드 */
			, lang_cd as langCd							/* 언어코드 */
			, stg_nm as stgNm							/* 스테이지명 */
			, step_nm as stepNm							/* 스텝명 */
			, dtl_cn as dtlCn							/* 상세내용 */
			, cncp_meta as cncpMeta						/* 개념메타 */
			, rgtn_dt as rgtnDt							/* 등록일시 */
			, rgtn_user as rgtnUser						/* 관리자id */
		FROM brs.tb_cmn_stg_meta
		WHERE
			stg_cd = #{stgCd}							/* 소주제 코드 */
		ORDER BY rgtn_dt
	</select>
	
	<!-- 커리큘럼 소주제 연령 리스트 조회 -->
	<select id="selectStgAgeInfoList" parameterType="com.wjthinkbig.aimath.stg.vo.StgAgeInfoSearchVO" resultType="com.wjthinkbig.aimath.stg.vo.StgAgeInfoVO">
		SELECT	/* Stg_BRS_Mapper.selectStgAgeInfoList(커리큘럼 소주제 연령 리스트 조회) 19001861 */
			stg_cd as stgCd								/* 스테이지코드 */
			, age_cd as ageCd							/* 연령코드 */
			, rgtn_dt as rgtnDt							/* 등록일시 */
			, rgtn_user as rgtnUser						/* 관리자id */
		FROM brs.tb_cmn_stg_age_info
		WHERE
			stg_cd = #{stgCd}							/* 소주제 코드 */
		ORDER BY rgtn_dt
	</select>
	
	<!-- 커리큘럼 소주제 등록 -->
	<insert id="insertStg" parameterType="com.wjthinkbig.aimath.stg.vo.StgVO">
    	INSERT	/* Stg_BRS_Mapper.insertStg(커리큘럼 소주제 등록) 19001861 */
    	INTO brs.tb_cmn_stg
    		(stg_cd											/*스테이지코드*/
    	   , thma_cd										/*주제코드*/
    	   , stg_img_file_path								/*스테이지이미지파일경로*/
    	   , stg_img_file_nm								/*스테이지이미지파일명*/
    	   , kypd_ty_cd										/*키패드유형코드*/
    	   , pre_stg_cd										/*선행스테이지코드*/
    	   , use_yn											/*사용여부*/
    	   , rgtn_dt										/*등록일시*/
    	   , rgtn_user										/*등록자ID*/
    	) VALUES (
    	     #{stgCd}										/*스테이지코드*/
    	   , #{thmaCd}										/*주제코드*/
    	   , #{stgImgFilePath}								/*스테이지이미지파일경로*/
    	   , #{stgImgFileNm}								/*스테이지이미지파일명*/
    	   , #{kypdTyCd}									/*키패드유형코드*/
    	   , #{preStgCd}									/*선행스테이지코드*/
    	   , #{useYn}										/*사용여부*/
    	   , NOW()											/*등록일시*/
    	   , #{rgtnUser})									/*등록자ID*/
	</insert>
	
	<!-- 커리큘럼 소주제 메타 정보 등록 -->
	<insert id="insertStgMeta" parameterType="com.wjthinkbig.aimath.stg.vo.StgMetaVO">
		INSERT	/* Stg_BRS_Mapper.insertStgMeta(커리큘럼 소주제 메타 정보 등록) 19001861 */
		INTO brs.tb_cmn_stg_meta
			(stg_cd											/*스테이지코드*/
			, lang_cd										/*언어코드*/
			, stg_nm										/*스테이지명*/
			, step_nm										/*스텝명*/
			, dtl_cn										/*상세내용*/
			, cncp_meta										/*개념메타*/
			, rgtn_dt										/*등록일시*/
    	   , rgtn_user)										/*등록자ID*/
		VALUES
			(#{stgCd}										/*스테이지코드*/
			, #{langCd}										/*언어코드*/
			, #{stgNm}										/*스테이지명*/
			, #{stepNm}										/*스텝명*/
			, #{dtlCn}										/*상세내용*/
			, #{cncpMeta}									/*개념메타*/
			, NOW()											/*등록일시*/
    	   , #{rgtnUser})									/*등록자ID*/
	</insert>
	
	<!-- 커리큘럼 소주제 연령 등록 -->
	<insert id="insertStgAgeInfo" parameterType="com.wjthinkbig.aimath.stg.vo.StgAgeInfoVO">
		INSERT	/* Stg_BRS_Mapper.insertStgAgeInfo(커리큘럼 소주제 연령 등록) 19001861 */
		INTO brs.tb_cmn_stg_age_info
			(stg_cd											/*스테이지코드*/
			, age_cd										/*연령코드*/
			, rgtn_dt										/*등록일시*/
    	   , rgtn_user)										/*등록자ID*/
		VALUES
			(#{stgCd}										/*스테이지코드*/
			, #{ageCd}										/*연령코드*/
			, NOW()											/*등록일시*/
    	   , #{rgtnUser})									/*등록자ID*/
	</insert>
	
	<!-- 커리큘럼 소주제 수정 -->
	<update id="updateStg" parameterType="com.wjthinkbig.aimath.stg.vo.StgVO">
		UPDATE	/* Stg_BRS_Mapper.updateStg(커리큘럼 소주제 수정) 19001861 */ brs.tb_cmn_stg
		SET
			kypd_ty_cd = #{kypdTyCd},						/* 키패드유형코드 */
			<if test='stgImgFilePath != null and !"".equals(stgImgFilePath)'>
				stg_img_file_path = #{stgImgFilePath},		/* 소주제 이미지 파일경로 */
				stg_img_file_nm = #{stgImgFileNm},			/* 소주제 이미지 파일명 */
			</if>
			<if test='preStgCd != null and !"".equals(preStgCd)'>
				pre_stg_cd = #{preStgCd},					/* 선행스테이지코드 */
			</if>
			use_yn = #{useYn},								/* 사용여부 */
			mod_dt = NOW(),									/* 수정일시 */
			mod_user = #{modUser}							/* 수정자 */
		WHERE
			stg_cd = #{stgCd}								/* 소주제코드 */
	</update>
	
	<!-- 커리큘럼 소주제 삭제 -->
	<delete id="deleteStg" parameterType="String">
		DELETE	/* Stg_BRS_Mapper.deleteStg(커리큘럼 소주제 삭제) 19001861 */
		FROM brs.tb_cmn_stg
		WHERE
			stg_cd = #{stg_cd}								/* 소주제코드 */
			AND use_yn = 'N'
	</delete>
	
	<!-- 커리큘럼 소주제 메타 정보 삭제 -->
	<delete id="deleteStgMeta" parameterType="String">
		DELETE	/* Stg_BRS_Mapper.deleteStgMeta(커리큘럼 소주제 메타 정보 삭제) 19001861 */
		FROM brs.tb_cmn_stg_meta
		WHERE
			stg_cd = #{stg_cd}								/* 소주제코드 */
	</delete>
	
	<!-- 커리큘럼 소주제 연령 삭제 -->
	<delete id="deleteStgAgeInfo" parameterType="String">
		DELETE	/* Stg_BRS_Mapper.deleteStgAgeInfo(커리큘럼 소주제 연령 삭제) 19001861 */
		FROM brs.tb_cmn_stg_age_info
		WHERE
			stg_cd = #{stg_cd}								/* 소주제코드 */
	</delete>
	
</mapper>