<?xml version="1.0" encoding="UTF-8"?>
<!DOCTYPE mapper PUBLIC "-//mybatis.org//DTD Mapper 3.0//EN" "http://mybatis.org/dtd/mybatis-3-mapper.dtd">

<mapper namespace="com.wjthinkbig.aimath.acnt.service.dao.AcntDao">
	
	<!-- 관리자 계정 전체 리스트 조회 -->
	<select id="selectAcntList" parameterType="com.wjthinkbig.aimath.acnt.vo.AcntSearchVO" resultType="com.wjthinkbig.aimath.acnt.vo.AcntVO">	
		SELECT	/* Acnt_BRS_Mapper.selectAcntList(관리자 계정 전체 리스트 조회) 19001861 */
			mu.mngt_user_id AS mngtUserId				/* 관리자ID */
			, mu.use_user_nm AS useUserNm				/* 관리자명 */
			, mu.auth_cd AS authCd						/* 관리자권한코드 */
			, c.cd_nm AS authNm							/* 관리자권한코드명 */
			, mu.last_login_dt AS lastLoginDt			/* 최근접속일 */
			, mu.rgtn_dt AS rgtnDt						/* 등록일 */
			, mu.rgtn_user AS rgtnUser					/* 등록자 */
			, mu.mod_dt AS modDt						/* 수정일 */
			, mu.mod_user AS modUser					/* 수정자 */
		FROM
			brs.tb_cmn_mngt_user mu
			INNER JOIN brs.tb_cmn_cd c ON c.cmn_cd = mu.auth_cd AND c.up_cd = 'AUTH_CD'
		<where>
			<if test='srchTxt != null and !"".equals(srchTxt)'>
				<choose>
					<when test='"ID".equals(srchTy)'>
						AND mu.mngt_user_id = #{srchTxt}		/* 검색어 */
					</when>
					<when test='"NM".equals(srchTy)'>
						AND mu.use_user_nm LIKE '%' || #{srchTxt} || '%'	/* 검색어 */
					</when>
					<when test='"ALL".equals(srchTy)'>
						AND (mu.mngt_user_id = #{srchTxt} OR mu.use_user_nm LIKE '%' || #{srchTxt} || '%')	/* 검색어 */
					</when>
				</choose>
			</if>
		</where>
		ORDER BY mu.rgtn_dt desc
		<if test='"Y".equals(pagingYn)'>
			LIMIT #{rowCnt} OFFSET #{rowCnt} * (#{currentPage} - 1)		/* rowCnt(한페이지에 보여질 리스트 수) currentPage(현재페이지) */
		</if>
	</select>
	
	<!-- 관리자 계정 전체 리스트 수 조회 -->
	<select id="selectAcntCnt" parameterType="com.wjthinkbig.aimath.acnt.vo.AcntSearchVO" resultType="int">	
		SELECT	/* Acnt_BRS_Mapper.selectAcntCnt(관리자 계정 전체 리스트 수 조회) 19001861 */
			COUNT(1) AS cnt
		FROM
			brs.tb_cmn_mngt_user mu
			INNER JOIN brs.tb_cmn_cd c ON c.cmn_cd = mu.auth_cd AND c.up_cd = 'AUTH_CD'
		<where>
			<if test='srchTxt != null and !"".equals(srchTxt)'>
				<choose>
					<when test='"ID".equals(srchTy)'>
						AND mu.mngt_user_id = #{srchTxt}		/* 검색어 */
					</when>
					<when test='"NM".equals(srchTy)'>
						AND mu.use_user_nm LIKE '%' || #{srchTxt} || '%'	/* 검색어 */
					</when>
					<when test='"ALL".equals(srchTy)'>
						AND (mu.mngt_user_id = #{srchTxt} OR mu.use_user_nm LIKE '%' || #{srchTxt} || '%')	/* 검색어 */
					</when>
				</choose>
			</if>
		</where>
	</select>
	
	<!-- 관리자 계정 정보 단일 조회 -->
	<select id="selectAcntById" parameterType="String" resultType="com.wjthinkbig.aimath.acnt.vo.AcntVO">	
		SELECT	/* Acnt_BRS_Mapper.selectAcntById(관리자 계정 정보 단일 조회) 19001861 */
			mu.mngt_user_id AS mngtUserId				/* 관리자ID */
			, mu.use_user_nm AS useUserNm				/* 관리자명 */
			, mu.auth_cd AS authCd						/* 관리자권한코드 */
			, c.cd_nm AS authNm							/* 관리자권한코드명 */
			, mu.email_adrs AS emailAdrsDe				/* 이메일 */
			, mu.pw as pw								/* 비밀번호 */
			, mu.phone AS phoneDe						/* 휴대폰번호 */
			, mu.last_login_dt AS lastLoginDt			/* 최근접속일 */
			, mu.pw_chnge_dt as pwChngeDt				/* 비밀번호 변경일시 */
			, mu.rgtn_dt AS rgtnDt						/* 등록일 */
			, mu.rgtn_user AS rgtnUser					/* 등록자 */
			, mu.mod_dt AS modDt						/* 수정일 */
			, mu.mod_user AS modUser					/* 수정자 */
		FROM
			brs.tb_cmn_mngt_user mu
			INNER JOIN brs.tb_cmn_cd c ON c.cmn_cd = mu.auth_cd AND c.up_cd = 'AUTH_CD'
		WHERE
			mu.mngt_user_id = #{mngtUserId}				/* 관리자ID */
	</select>
	
	<!-- 관리자 ID 중복 체크 -->
	<select id="selectUserIdDplctCeck" parameterType="string" resultType="int">	
		SELECT	/* Acnt_BRS_Mapper.selectUserIdDplctCeck(관리자 ID 중복 체크) 19001861 */
			COUNT(1) AS cnt
		FROM
			brs.tb_cmn_mngt_user mu
			INNER JOIN brs.tb_cmn_cd c ON c.cmn_cd = mu.auth_cd AND c.up_cd = 'AUTH_CD'
		WHERE
			mu.mngt_user_id = #{mngtUserId}				/* 관리자ID */
	</select>
	
	<!-- 관리자 Email 중복 체크 -->
	<select id="selectEmailDplctCeck" parameterType="string" resultType="int">	
		SELECT	/* Acnt_BRS_Mapper.selectEmailDplctCeck(관리자 Email 중복 체크) 19001861 */
			COUNT(1) AS cnt
		FROM
			brs.tb_cmn_mngt_user mu
			INNER JOIN brs.tb_cmn_cd c ON c.cmn_cd = mu.auth_cd AND c.up_cd = 'AUTH_CD'
		WHERE
			mu.email_adrs = #{emailAdrsEn}				/* 관리자ID */
	</select>
	
	<!-- 관리자 비밀번호 조회 -->
	<select id="selectPassword" parameterType="String" resultType="String">
		SELECT	/* Acnt_BRS_Mapper.selectPassword(관리자 비밀번호 조회) 19001861 */
			mu.pw
		FROM
			brs.tb_cmn_mngt_user mu
			INNER JOIN brs.tb_cmn_cd c ON c.cmn_cd = mu.auth_cd AND c.up_cd = 'AUTH_CD'
		WHERE
			mu.mngt_user_id = #{mngtUserId}				/* 관리자ID */
	</select>
	
	<!-- 관리자 계정 정보 신규 등록 -->
	<insert id="insertAcnt" parameterType="com.wjthinkbig.aimath.acnt.vo.AcntVO">
    	INSERT	/* Acnt_BRS_Mapper.insertAcnt(관리자 계정 정보 신규 등록 ) 19001861 */
    	INTO brs.tb_cmn_mngt_user
    		(mngt_user_id								/* 관리자ID */
    		, pw										/* 비밀번호 */
    		, use_user_nm								/* 관리자명 */
    		, auth_cd									/* 관리자권한코드 */
    		, email_adrs								/* 이메일 */
    		, phone										/* 휴대폰번호 */
    		, rgtn_dt									/* 등록일시 */
    		, rgtn_user)								/* 등록자 */
    	VALUES
    		(#{mngtUserId}								/* 관리자ID */
    		, #{pw}										/* 비밀번호 */
    		, #{useUserNm}								/* 관리자명 */
    		, #{authCd}									/* 관리자권한코드 */
    		, #{emailAdrsEn}							/* 이메일 */
    		, #{phoneEn}								/* 휴대폰번호 */
    		, NOW()										/* 등록일시 */
    		, #{rgtnUser})								/* 등록자 */
	</insert>
	
	<!-- 관리자 계정 정보 변경 -->
	<update id="updateAcnt" parameterType="com.wjthinkbig.aimath.acnt.vo.AcntVO">
		UPDATE	/* Acnt_BRS_Mapper.updateAcnt(관리자 계정 정보 변경) 19001861 */ brs.tb_cmn_mngt_user
		SET
			use_user_nm = #{useUserNm}					/* 관리자명 */
			<if test='authCd != null and !"".equals(authCd)'>
    			, auth_cd = #{authCd}						/* 관리자권한코드 */
    		</if>
    		<if test='newPw != null and !"".equals(newPw)'>
    			, pw = #{newPw}
    			, pw_chnge_dt = NOW()
    		</if>
    		, email_adrs = #{emailAdrsEn}				/* 이메일 */
    		, phone = #{phoneEn}						/* 휴대폰번호 */
			, mod_dt = NOW()							/* 수정일시 */
			, mod_user = #{modUser}						/* 수정자 */
		WHERE
			mngt_user_id = #{mngtUserId}				/* 관리자ID */
	</update>
	
	<!-- 관리자 계정 정보 삭제 -->
	<delete id="deleteAcnt" parameterType="String">
		DELETE	/* Acnt_BRS_Mapper.deleteAcnt(관리자 계정 정보 삭제) 19001861 */
		FROM brs.tb_cmn_mngt_user
		WHERE
			mngt_user_id = #{mngtUserId}				/* 관리자ID */
	</delete>
	
	<!-- 로그인 시 최종 로그인일시 갱신 -->
	<update id="updateLastLoginDt" parameterType="string">
		UPDATE	/* Acnt_BRS_Mapper.updateLastLoginDt(로그인 시 최종 로그인일시 갱신) 10013871 */ brs.tb_cmn_mngt_user
		SET
			last_login_dt = now()						/* 최종로그인일시 */
		WHERE
			mngt_user_id = #{mngtUserId}				/* 관리자ID */
	</update>
	
	<!-- 관리자 비밀번호 최종변경일자 갱신 -->
	<update id="updatePasswordChangeDate" parameterType="string">
		UPDATE	/* Acnt_BRS_Mapper.updatePasswordChangeDate(관리자 비밀번호 최종변경일자 갱신) 10013871 */ brs.tb_cmn_mngt_user
		SET
			pw_chnge_dt = COALESCE (pw_chnge_dt,current_timestamp) + '-5 month'
		WHERE
			mngt_user_id = #{mngtUserId}				/* 관리자ID */
	</update>
	
</mapper>