<?xml version="1.0" encoding="UTF-8"?>
<!DOCTYPE xml>
<configuration debug="true">
	
	<!--  Console Log Pattern과 File Log Pattern의 기본값 정의, tomcat이나 hibernate 등의 log level 설정 -->
	<include resource="com/wjthinkbig/aimath/core/support/boot/logging/logback/defaults.xml" />
	<!-- ${LOG_FILE}이 없으면 ${LOG_PATH}를, ${LOG_PATH}가 없으면 ${LOG_TEMP}를 참조 (application.yml)  -->
	<property name="LOG_FILE" value="${LOG_FILE:-${LOG_PATH:-${LOG_TEMP:-${java.io.tmpdir:-/tmp}}}/spring.log}"/>
	
	<springProfile name="console-logging">
		<include resource="com/wjthinkbig/aimath/core/support/boot/logging/logback/console-appender.xml" />
	</springProfile>
	
	<springProfile name="file-logging">
		<include resource="com/wjthinkbig/aimath/core/support/boot/logging/logback/file-appender.xml" />
	</springProfile>
	
	<root>
		<springProfile name="console-logging">
			<appender-ref ref="CONSOLE" />
		</springProfile>
		
		<springProfile name="file-logging">
			<appender-ref ref="FILE" />
		</springProfile>			
	</root>	

</configuration>