<?xml version="1.0" encoding="UTF-8"?>
<!DOCTYPE mapper PUBLIC "-//mybatis.org//DTD Mapper 3.0//EN" "http://mybatis.org/dtd/mybatis-3-mapper.dtd">

<mapper namespace="com.wjthinkbig.aimath.lvl.service.dao.LvlDao">
	
	<resultMap type="com.wjthinkbig.aimath.lvl.vo.LvlVO" id="LvlMap">
		<id property="lvlCd" column="lvlCd"/>
		<id property="chnCd" column="chnCd"/>
		<result property="dspOdr" column="dspOdr"/>
		<result property="useYn" column="useYn"/>
		<result property="rgtnDt" column="rgtnDt" javaType="java.time.LocalDateTime"/>
		<result property="rgtnUser" column="rgtnUser"/>
		<result property="modDt" column="modDt" javaType="java.time.LocalDateTime"/>
		<result property="modUser" column="modUser"/>
		<collection property="lvlStgList" ofType="com.wjthinkbig.aimath.lvl.vo.LvlStgVO">
			<id property="lvlCd" column="lvlCd"/>
			<id property="stgCd" column="stgCd"/>
			<result property="useYn" column="useYn"/>
			<result property="rgtnDt" column="rgtnDt" javaType="java.time.LocalDateTime"/>
			<result property="rgtnUser" column="rgtnUser"/>
			<result property="modDt" column="modDt" javaType="java.time.LocalDateTime"/>
			<result property="modUser" column="modUser"/>	
		</collection>
	</resultMap>
	
	<select id="selectLvlAllList" parameterType="com.wjthinkbig.aimath.lvl.vo.LvlSearchVO" resultMap="LvlMap">
		SELECT	/* Lvl_BRS_Mapper.selectLvlAllList(코스학습 레벨 전체 리스트 조회) 19001861 */
			l.lvl_cd as lvlCd							/* 레벨코드 */
			, l.chn_cd as chnCd							/* 채널코드 */
			, l.dsp_odr as dspOdr						/* 정렬순서 */
			, l.use_yn as useYn							/* 사용여부 */
			, l.rgtn_dt as rgtnDt						/* 등록일시 */
			, l.rgtn_user as rgtnUser					/* 등록자 */
			, l.mod_dt as modDt							/* 수정일시 */
			, l.mod_user as modUser						/* 수정자 */
			, lsr.lvl_cd as lvlCd						/* 레벨코드 */
			, s.stg_cd as stgCd							/* 소주제코드 */
			, lsr.use_yn as useYn						/* 사용여부 */
			, lsr.rgtn_dt as rgtnDt						/* 등록일시 */
			, lsr.rgtn_user as rgtnUser					/* 등록자 */
			, lsr.mod_dt as modDt						/* 수정일시 */
			, lsr.mod_user as modUser					/* 수정자 */
		FROM
			brs.tb_cmn_stg s
			INNER JOIN brs.tb_cmn_lvl_stg_rel lsr ON s.stg_cd = lsr.stg_cd
			INNER JOIN brs.tb_cmn_lvl l ON l.lvl_cd = lsr.lvl_cd AND l.chn_cd = #{chnCd}					/* 채널코드 */
		
		UNION ALL
		
		SELECT
			'NONE' as lvlCd								/* 레벨코드 */
			, #{chnCd} as chnCd							/* 채널코드 */
			, 0 as dspOdr								/* 정렬순서 */
			, t.use_yn as useYn							/* 사용여부 */
			, t.rgtn_dt as rgtnDt						/* 등록일시 */
			, t.rgtn_user as rgtnUser					/* 등록자 */
			, t.mod_dt as modDt							/* 수정일시 */
			, t.mod_user as modUser						/* 수정자 */
			, t.lvl_cd_1 as lvlCd						/* 레벨코드 */
			, s.stg_cd as stgCd							/* 소주제코드 */
			, t.use_yn_1 as useYn						/* 사용여부 */
			, t.rgtn_dt_1 as rgtnDt						/* 등록일시 */
			, t.rgtn_user_1 as rgtnUser					/* 등록자 */
			, t.mod_dt_1 as modDt						/* 수정일시 */
			, t.mod_user_1 as modUser					/* 수정자 */
		FROM
			brs.tb_cmn_stg s
			LEFT JOIN (
				SELECT
					l.lvl_cd							/* 레벨코드 */
					, l.chn_cd							/* 채널코드 */
					, l.dsp_odr							/* 정렬순서 */
					, l.use_yn							/* 사용여부 */
					, l.rgtn_dt							/* 등록일시 */
					, l.rgtn_user						/* 등록자 */
					, l.mod_dt							/* 수정일시 */
					, l.mod_user						/* 수정자 */
					, lsr.lvl_cd as lvl_cd_1			/* 레벨코드 */
					, lsr.stg_cd						/* 소주제코드 */
					, lsr.use_yn as use_yn_1			/* 사용여부 */
					, lsr.rgtn_dt as rgtn_dt_1			/* 등록일시 */
					, lsr.rgtn_user as rgtn_user_1		/* 등록자 */
					, lsr.mod_dt as mod_dt_1			/* 수정일시 */
					, lsr.mod_user as mod_user_1		/* 수정자 */
				FROM
					brs.tb_cmn_lvl l
					LEFT OUTER JOIN brs.tb_cmn_lvl_stg_rel lsr ON l.lvl_cd = lsr.lvl_cd
				WHERE
					l.chn_cd = #{chnCd}
			) t ON t.stg_cd = s.stg_cd
		WHERE
			t.stg_cd IS NULL
		ORDER BY dspOdr ASC, stgCd ASC
	</select>
	
	<!-- 코스학습 레벨 전체 리스트 조회 -->
	<select id="selectLvlList" parameterType="com.wjthinkbig.aimath.lvl.vo.LvlSearchVO" resultType="com.wjthinkbig.aimath.lvl.vo.LvlVO">	
		SELECT	/* Lvl_BRS_Mapper.selectLvlList(코스학습 레벨 전체 리스트 조회) 19001861 */
			lvl_cd as lvlCd								/* 레벨코드 */
			, chn_cd as chnCd							/* 채널코드 */
			, dsp_odr as dspOdr							/* 정렬순서 */
			, use_yn as useYn							/* 사용여부 */
			, rgtn_dt as rgtnDt							/* 등록일시 */
			, rgtn_user as rgtnUser						/* 등록자 */
			, mod_dt as modDt							/* 수정일시 */
			, mod_user as modUser						/* 수정자 */
		FROM
			brs.tb_cmn_lvl
		<where>
			<if test='chnCd != null and !"".equals(chnCd)'>
				AND chn_cd = #{chnCd}					/* 채널코드 */
			</if>
		</where>
		ORDER BY dsp_odr
	</select>
	
	<!-- 코스학습 레벨 전체 리스트 조회 (언어코드 필수) -->
	<select id="selectLvlListByLangCd" parameterType="com.wjthinkbig.aimath.lvl.vo.LvlSearchVO" resultType="com.wjthinkbig.aimath.lvl.vo.LvlVO">	
		SELECT	/* Lvl_BRS_Mapper.selectLvlListByLangCd(코스학습 레벨 전체 리스트 조회) 19001861 */
			l.lvl_cd as lvlCd							/* 레벨코드 */
			, lm.lvl_nm as lvlNm						/* 레벨명 */
			, l.chn_cd as chnCd							/* 채널코드 */
			, l.dsp_odr as dspOdr						/* 정렬순서 */
			, l.use_yn as useYn							/* 사용여부 */
			, l.rgtn_dt as rgtnDt						/* 등록일시 */
			, l.rgtn_user as rgtnUser					/* 등록자 */
			, l.mod_dt as modDt							/* 수정일시 */
			, l.mod_user as modUser						/* 수정자 */
		FROM
			brs.tb_cmn_lvl l
			INNER JOIN brs.tb_cmn_lvl_meta lm ON l.lvl_cd = lm.lvl_cd AND lm.lang_cd = #{langCd}
		<where>
			<if test='chnCd != null and !"".equals(chnCd)'>
				AND chn_cd = #{chnCd}					/* 채널코드 */
			</if>
		</where>
		ORDER BY dsp_odr
	</select>
	
	<!-- 코스학습 레벨 단일 조회 -->
	<select id="selectLvlById" parameterType="com.wjthinkbig.aimath.lvl.vo.LvlSearchVO" resultType="com.wjthinkbig.aimath.lvl.vo.LvlVO">	
		SELECT	/* Lvl_BRS_Mapper.selectLvlById(코스학습 레벨 단일 조회) 19001861 */
			lvl_cd as lvlCd								/* 레벨코드 */
			, chn_cd as chnCd							/* 채널코드 */
			, dsp_odr as dspOdr							/* 정렬순서 */
			, use_yn as useYn							/* 사용여부 */
			, rgtn_dt as rgtnDt							/* 등록일시 */
			, rgtn_user as rgtnUser						/* 등록자 */
			, mod_dt as modDt							/* 수정일시 */
			, mod_user as modUser						/* 수정자 */
		FROM
			brs.tb_cmn_lvl
		<where>
			AND lvl_cd = #{lvlCd}						/* 레벨코드 */
			<if test='chnCd != null and !"".equals(chnCd)'>
				AND chn_cd = #{chnCd}					/* 채널코드 */
			</if>
		</where>
	</select>
	
	<!-- 코스학습 레벨 단일 조회  (언어코드 필수) -->
	<select id="selectLvl" parameterType="com.wjthinkbig.aimath.lvl.vo.LvlSearchVO" resultType="com.wjthinkbig.aimath.lvl.vo.LvlVO">	
		SELECT	/* Lvl_BRS_Mapper.selectLvl(코스학습 레벨 단일 조회  (언어코드 필수)) 19001861 */
			l.lvl_cd as lvlCd							/* 레벨코드 */
			, lm.lvl_nm as lvlNm						/* 레벨명 */
			, l.chn_cd as chnCd							/* 채널코드 */
			, l.dsp_odr as dspOdr						/* 정렬순서 */
			, l.use_yn as useYn							/* 사용여부 */
			, l.rgtn_dt as rgtnDt						/* 등록일시 */
			, l.rgtn_user as rgtnUser					/* 등록자 */
			, l.mod_dt as modDt							/* 수정일시 */
			, l.mod_user as modUser						/* 수정자 */
		FROM
			brs.tb_cmn_lvl l
			INNER JOIN brs.tb_cmn_lvl_meta lm ON l.lvl_cd = lm.lvl_cd AND lm.lang_cd = #{langCd}
		WHERE
			l.lvl_cd = #{lvlCd}							/* 레벨코드 */
			<if test='chnCd != null and !"".equals(chnCd)'>
				AND l.chn_cd = #{chnCd}					/* 채널코드 */
			</if>
		
	</select>
	
	<!-- 코스학습 레벨 메타 정보 리스트 조회 -->
	<select id="selectLvlMetaList" parameterType="String" resultType="com.wjthinkbig.aimath.lvl.vo.LvlMetaVO">
		SELECT	/* Lvl_BRS_Mapper.selectLvlMetaList(코스학습 레벨 메타 정보 리스트 조회) 19001861 */
			lvl_cd as lvlCd								/* 레벨코드 */
			, lang_cd as langCd							/* 언어코드 */
			, lvl_nm as lvlNm							/* 레벨명 */
			, rgtn_user as rgtnUser						/* 등록자 */
			, rgtn_dt as rgtnDt							/* 등록일 */
		FROM
			brs.tb_cmn_lvl_meta
		WHERE
			lvl_cd = #{lvlCd}
	</select>
	
	<!-- 신규등록시 사용할 레벨 코드 채번 -->
	<select id="selectNewLvlCd" resultType="String">
		SELECT	/* Lvl_BRS_Mapper.selectNewLvlCd(신규등록시 사용할 레벨 코드 채번) 19001861 */
			CASE
				WHEN CAST(MAX(SUBSTRING(lvl_cd, LENGTH(lvl_cd) - 2, 3)) AS INTEGER) + 1 <![CDATA[ > ]]> 9 AND CAST(MAX(SUBSTRING(lvl_cd, LENGTH(lvl_cd) - 2, 3)) AS INTEGER) + 1 <![CDATA[ <= ]]> 99 THEN 'LV0' ||  CAST(MAX(SUBSTRING(lvl_cd, LENGTH(lvl_cd) - 2, 3)) AS INTEGER) + 1
				WHEN CAST(MAX(SUBSTRING(lvl_cd, LENGTH(lvl_cd) - 2, 3)) AS INTEGER) + 1 <![CDATA[ <= ]]> 9 THEN 'LV00' ||  CAST(MAX(SUBSTRING(lvl_cd, LENGTH(lvl_cd) - 2, 3)) AS INTEGER) + 1
				ELSE 'LV00' ||  CAST(MAX(SUBSTRING(lvl_cd, LENGTH(lvl_cd) - 2, 3)) AS INTEGER) + 1
			END AS newLvlCd
		FROM brs.tb_cmn_lvl
	</select>
	
	<!-- 코스학습 레벨 하위 스테이지 리스트 조회 -->
	<select id="selectLvlStgList" parameterType="com.wjthinkbig.aimath.lvl.vo.LvlStgSearchVO" resultType="com.wjthinkbig.aimath.lvl.vo.LvlStgVO">
		SELECT	/* Lvl_BRS_Mapper.selectLvlStgList(코스학습 레벨 하위 스테이지 리스트 조회) 19001861 */
			t.lvl_cd as lvlCd							/* 레벨코드 */
			, s.stg_cd as stgCd							/* 소주제코드 */
			, t.use_yn as useYn							/* 사용여부 */
			, t.rgtn_dt as rgtnDt						/* 등록일시 */
			, t.rgtn_user as rgtnUser					/* 등록자 */
			, t.mod_dt as modDt							/* 수정일시 */
			, t.mod_user as modUser						/* 수정자 */
		FROM
			brs.tb_cmn_stg s
			LEFT JOIN (
				SELECT
					lsr.lvl_cd 							/* 레벨코드 */
					, lsr.stg_cd						/* 소주제코드 */
					, lsr.use_yn						/* 사용여부 */
					, lsr.rgtn_dt						/* 등록일시 */
					, lsr.rgtn_user						/* 등록자 */
					, lsr.mod_dt						/* 수정일시 */
					, lsr.mod_user						/* 수정자 */
				FROM
					brs.tb_cmn_lvl l
					LEFT OUTER JOIN brs.tb_cmn_lvl_stg_rel lsr ON l.lvl_cd = lsr.lvl_cd
				WHERE
					l.chn_cd = #{chnCd}
			) t ON t.stg_cd = s.stg_cd
		<where>
			<choose>
				<when test='"NONE".equals(lvlCd)'>
					AND t.stg_cd IS NULL
				</when>
				<when test='lvlCd != null and !"".equals(lvlCd)'>
					AND t.lvl_cd = #{lvlCd}			/* 레벨코드 */
				</when>
			</choose>
		</where>
		ORDER BY s.stg_cd
	</select>
	
	<!-- 코스학습 레벨 하위 스테이지 단일 조회 -->
	<select id="selectLvlStgById" parameterType="com.wjthinkbig.aimath.lvl.vo.LvlStgSearchVO" resultType="com.wjthinkbig.aimath.lvl.vo.LvlStgVO">
		SELECT	/* Lvl_BRS_Mapper.selectLvlStgById(코스학습 레벨 하위 스테이지 단일 조회) 19001861 */
			lsr.lvl_cd as lvlCd							/* 레벨코드 */
			, s.stg_cd as stgCd							/* 소주제코드 */
			, lsr.use_yn as useYn						/* 사용여부 */
			, lsr.rgtn_dt as rgtnDt						/* 등록일시 */
			, lsr.rgtn_user as rgtnUser					/* 등록자 */
			, lsr.mod_dt as modDt						/* 수정일시 */
			, lsr.mod_user as modUser					/* 수정자 */
		FROM
			brs.tb_cmn_stg s 
			INNER JOIN brs.tb_cmn_lvl_stg_rel lsr ON s.stg_cd = lsr.stg_cd
		WHERE
			s.stg_cd = #{stgCd}							/* 소주제코드 */
			AND lsr.lvl_cd = #{lvlCd}					/* 레벨코드 */
	</select>
	
	<!-- 코스학습 레벨 하위 스테이지 여부 판단 -->
	<select id="selectLvlStgCeck" parameterType="com.wjthinkbig.aimath.lvl.vo.LvlStgSearchVO" resultType="int">	
		SELECT	/* Lvl_BRS_Mapper.selectLvlStgCeck(코스학습 레벨 하위 스테이지 여부 판단) 19001861 */
			COUNT(1) as cnt
		FROM brs.tb_cmn_lvl_stg_rel
		<where>
			AND lvl_cd = #{lvlCd}						/* 레벨코드 */
		</where>
	</select>
	
	<!-- 코스학습 레벨 신규 등록 -->
	<insert id="insertLvl" parameterType="com.wjthinkbig.aimath.lvl.vo.LvlVO">
    	INSERT	/* Lvl_BRS_Mapper.insertLvl(코스학습 레벨 신규 등록) 19001861 */
    	INTO brs.tb_cmn_lvl
    		(lvl_cd												/* 레벨코드 */
    		, chn_cd											/* 채널코드 */
    		, dsp_odr											/* 정렬순서 */
    		, use_yn											/* 사용여부 */
    		, rgtn_dt											/* 등록일시 */
    		, rgtn_user)										/* 등록자 */
    	VALUES
    		(#{lvlCd}											/* 레벨코드 */
    		, #{chnCd}											/* 채널코드 */
    		, (SELECT COALESCE(MAX(dsp_odr), 0) + 1 
    		FROM brs.tb_cmn_lvl
    		WHERE chn_cd = #{chnCd})							/* 정렬순서 */
    		, #{useYn}											/* 사용여부 */
    		, NOW()												/* 등록일시 */
    		, #{rgtnUser})										/* 등록자 */
	</insert>
	
	<!-- 코스학습 레벨 메타 정보 신규 등록 -->
	<insert id="insertLvlMeta" parameterType="com.wjthinkbig.aimath.lvl.vo.LvlMetaVO">
    	INSERT	/* Lvl_BRS_Mapper.insertLvlMeta(코스학습 레벨 메타 정보 신규 등록) 19001861 */
    	INTO brs.tb_cmn_lvl_meta
    		(lvl_cd												/* 레벨코드 */
    		, lang_cd											/* 언어코드 */
    		, lvl_Nm											/* 레벨명 */
    		, rgtn_dt											/* 등록일시 */
    		, rgtn_user)										/* 등록자 */
    	VALUES
    		(#{lvlCd}											/* 레벨코드 */
    		, #{langCd}											/* 언어코드 */
    		, #{lvlNm}											/* 레벨명 */
    		, NOW()												/* 등록일시 */
    		, #{rgtnUser})										/* 등록자 */
	</insert>
	
	<!-- 코스학습 레벨 소주제 신규 등록 -->
	<insert id="insertLvlStg" parameterType="com.wjthinkbig.aimath.lvl.vo.LvlStgVO">
		INSERT	/* Lvl_BRS_Mapper.insertLvlStg(코스학습 레벨 소주제 신규 등록) 19001861 */
		INTO brs.tb_cmn_lvl_stg_rel
			(lvl_cd												/* 레벨코드 */
			, stg_cd											/* 소주제코드 */
			, use_yn											/* 사용여부 */
			, rgtn_dt											/* 등록일시 */
			, rgtn_user)										/* 등록자 */
		VALUES
			(#{lvlCd}											/* 레벨코드 */
			, #{stgCd}											/* 소주제코드 */
			, #{useYn}											/* 사용여부 */
			, NOW()												/* 등록일시 */
			, #{rgtnUser})										/* 등록자 */
	</insert>
	
	<!-- 코스학습 레벨 정보 변경 -->
	<update id="updateLvl" parameterType="com.wjthinkbig.aimath.lvl.vo.LvlVO">
		UPDATE	/* Lvl_BRS_Mapper.updateLvl(코스학습 레벨 정보 변경) 19001861 */ brs.tb_cmn_lvl
		SET
			dsp_odr = #{dspOdr},								/* 정렬순서 */
			use_yn = #{useYn},									/* 사용여부 */
			mod_dt = NOW(),										/* 수정일시 */
			mod_user = #{modUser}								/* 수정자 */
		WHERE
			lvl_cd = #{lvlCd}									/* 레벨코드 */
			AND chn_cd = #{chnCd}								/* 채널코드 */
	</update>
	
	<!-- 코스학습 레벨 정렬순서 변경 -->
	<update id="updateLvlOdr" parameterType="com.wjthinkbig.aimath.lvl.vo.LvlVO">
		UPDATE	/* Lvl_BRS_Mapper.updateLvlOdr(코스학습 레벨 정렬순서 변경) 19001861 */ brs.tb_cmn_lvl
		SET
			dsp_odr = (
				CASE
					WHEN #{dspOdr} = 0 AND dsp_odr <![CDATA[ > ]]> #{prevDspOdr} THEN CAST(dsp_odr AS INTEGER) - 1
					WHEN 
						#{dspOdr}  <![CDATA[ > ]]> 0 AND #{prevDspOdr} <![CDATA[ > ]]> #{dspOdr} AND dsp_odr <![CDATA[ >= ]]> #{dspOdr} AND dsp_odr <![CDATA[ < ]]>  #{prevDspOdr}
					THEN CAST(dsp_odr AS INTEGER) + 1
					WHEN 
						#{dspOdr}  <![CDATA[ > ]]> 0 AND #{prevDspOdr} <![CDATA[ < ]]> #{dspOdr} AND dsp_odr <![CDATA[ <= ]]> #{dspOdr} AND dsp_odr <![CDATA[ > ]]>  #{prevDspOdr}
					THEN CAST(dsp_odr AS INTEGER) - 1
					ELSE dsp_odr
				END
			),													/* 정렬순서 */
			mod_dt = NOW(),										/* 수정일시 */
			mod_user = #{modUser}								/* 수정자 */
		WHERE
			lvl_cd != #{lvlCd}									/* 레벨코드 */
			AND chn_cd = #{chnCd}								/* 채널코드 */
	</update>
	
	<!-- 코스학습 레벨 소주제 정보 변경 -->
	<update id="updateLvlStg" parameterType="com.wjthinkbig.aimath.lvl.vo.LvlStgVO">
		UPDATE	/* Lvl_BRS_Mapper.updateLvlStg(코스학습 레벨 소주제 정보 변경) 19001861 */ brs.tb_cmn_lvl_stg_rel
		SET
			<if test='chngeLvlCd != null and !"".equals(chngeLvlCd)'>
				lvl_cd = #{chngeLvlCd},							/* 변경할 레벨코드 */
			</if>
			use_yn = #{useYn},									/* 사용여부 */
			mod_dt = NOW(),										/* 수정일시 */
			mod_user = #{modUser}								/* 수정자 */
		WHERE
			stg_cd = #{stgCd}									/* 소주제코드 */
			AND lvl_cd = #{lvlCd}								/* 레벨코드 */
	</update>
	
	<!-- 코스학습 레벨 삭제 -->
	<delete id="deleteLvl" parameterType="String">
		DELETE	/* Lvl_BRS_Mapper.deleteLvl(코스학습 레벨 삭제) 19001861 */
		FROM brs.tb_cmn_lvl
		WHERE
			lvl_cd = #{lvlCd}									/* 레벨코드 */
			AND use_yn = 'N'
	</delete>
	
	<!-- 코스학습 레벨 메타 삭제 -->
	<delete id="deleteLvlMeta" parameterType="String">
		DELETE	/* Lvl_BRS_Mapper.deleteLvlMeta(코스학습 레벨 메타 삭제) 19001861 */
		FROM brs.tb_cmn_lvl_meta
		WHERE
			lvl_cd = #{lvlCd}									/* 레벨코드 */
	</delete>
	
	<!-- 코스학습 레벨 소주제 삭제 -->
	<delete id="deleteLvlStg" parameterType="com.wjthinkbig.aimath.lvl.vo.LvlStgVO">
		DELETE	/* Lvl_BRS_Mapper.deleteLvlStg(코스학습 레벨 소주제 삭제) 19001861 */
		FROM brs.tb_cmn_lvl_stg_rel
		WHERE
			lvl_cd = #{lvlCd}									/* 레벨코드 */
			AND stg_cd = #{stgCd}								/* 소주제코드 */
			AND use_yn = 'N'
	</delete>
	
</mapper>