<?xml version="1.0" encoding="UTF-8"?>
<!DOCTYPE mapper PUBLIC "-//mybatis.org//DTD Mapper 3.0//EN" "http://mybatis.org/dtd/mybatis-3-mapper.dtd">

<mapper namespace="com.wjthinkbig.aimath.blbr.service.dao.BlbrDao">
	
	<!-- 게시물 전체 리스트 조회 -->
	<select id="selectBlbrList" parameterType="com.wjthinkbig.aimath.blbr.vo.BlbrSearchVO" resultType="com.wjthinkbig.aimath.blbr.vo.BlbrVO">	
		SELECT	/* Blbr_BRS_Mapper.selectBlbrList(게시물 전체 리스트 조회) 19001861 */
			bt.bltn_seq as bltnSeq						/* 게시물일련번호 */
			, bt.blbr_sno as blbrSno					/* 게시판일련번호 */
			, bt.bltn_title as bltnTitle				/* 게시물제목 */
			, bt.bltn_cn as bltnCn						/* 게시물내용 */
			, bt.dsp_chn_scn_cd as dspChnScnCd			/* 노출채널구분코드 */
			, ch.chn_nm as dspChnScnNm					/* 노출채널구분코드명 */
			, bt.bltn_scn_cd as bltnScnCd				/* 게시물구분코드 */
			, c.cd_nm as bltnScnNm						/* 게시물구분코드명 */
			, bt.chk_ct as chkCt						/* 조회수 */
			, bt.bltn_open_yn as bltnOpenYn				/* 게시물공개여부 */
			, bt.inq_rgtn_yn as inqRgtnYn				/* 질문등록여부 */
			, bt.rgtn_dt as rgtnDt						/* 등록일 */
			, bt.rgtn_user as rgtnUser					/* 등록자 */
			, bt.mod_dt as modDt						/* 수정일 */
			, bt.mod_user as modUser					/* 수정자 */
		FROM
			brs.tb_cmn_blbr bb
			INNER JOIN brs.tb_cmn_bltn bt ON bb.blbr_sno = bt.blbr_sno
			INNER JOIN brs.tb_cmn_chn ch ON bt.dsp_chn_scn_cd = ch.chn_cd
			LEFT JOIN brs.tb_cmn_cd c ON c.cmn_cd = bt.bltn_scn_cd AND c.up_cd = 'BLTN_SCN_CD'
		WHERE
			bb.blbr_sno = #{blbrSno}
			<if test='srchTxt != null and !"".equals(srchTxt)'>
				<choose>
					<when test='"TITLE".equals(srchTy)'>
						AND bt.bltn_title LIKE '%' || #{srchTxt} || '%'	/* 검색어 */
					</when>
					<when test='"CN".equals(srchTy)'>
						AND bt.bltn_cn LIKE '%' || #{srchTxt} || '%'	/* 검색어 */
					</when>
					<when test='"ALL".equals(srchTy)'>
						AND (bt.bltn_title LIKE '%' || #{srchTxt} || '%' OR bt.bltn_cn LIKE '%' || #{srchTxt} || '%')	/* 검색어 */
					</when>
				</choose>
			</if>
			<if test='dspChnScnCd != null and !"".equals(dspChnScnCd)'>
				AND bt.dsp_chn_scn_cd = #{dspChnScnCd}
			</if>
			<if test='bltnOpenYn != null and !"".equals(bltnOpenYn)'>
				AND bt.bltn_open_yn = #{bltnOpenYn}
			</if>
			<if test='inqRgtnYn != null and !"".equals(inqRgtnYn)'>
				AND bt.inq_rgtn_yn = #{inqRgtnYn}
			</if>
		ORDER BY bt.rgtn_dt desc
		LIMIT #{rowCnt} OFFSET #{rowCnt} * (#{currentPage} - 1)		/* rowCnt(한페이지에 보여질 리스트 수) currentPage(현재페이지) */
	</select>
	
	<!-- 게시물 전체 리스트 수 조회 (검색 조건 적용) -->
	<select id="selectBlbrListCnt" parameterType="com.wjthinkbig.aimath.blbr.vo.BlbrSearchVO" resultType="int">	
		SELECT	/* Blbr_BRS_Mapper.selectBlbrListCnt(게시물 전체 리스트 수 조회 (검색 조건 적용)) 19001861 */
			COUNT(1) as cnt
		FROM
			brs.tb_cmn_blbr bb
			INNER JOIN brs.tb_cmn_bltn bt ON bb.blbr_sno = bt.blbr_sno
			INNER JOIN brs.tb_cmn_chn ch ON bt.dsp_chn_scn_cd = ch.chn_cd
			LEFT JOIN brs.tb_cmn_cd c ON c.cmn_cd = bt.bltn_scn_cd AND c.up_cd = 'BLTN_SCN_CD'
		WHERE
			bb.blbr_sno = #{blbrSno}
			<if test='srchTxt != null and !"".equals(srchTxt)'>
				<choose>
					<when test='"TITLE".equals(srchTy)'>
						AND bt.bltn_title LIKE '%' || #{srchTxt} || '%'	/* 검색어 */
					</when>
					<when test='"CN".equals(srchTy)'>
						AND bt.bltn_cn LIKE '%' || #{srchTxt} || '%'	/* 검색어 */
					</when>
					<when test='"ALL".equals(srchTy)'>
						AND (bt.bltn_title LIKE '%' || #{srchTxt} || '%' OR bt.bltn_cn LIKE '%' || #{srchTxt} || '%')	/* 검색어 */
					</when>
				</choose>
			</if>
			<if test='dspChnScnCd != null and !"".equals(dspChnScnCd)'>
				AND bt.dsp_chn_scn_cd = #{dspChnScnCd}
			</if>
			<if test='bltnOpenYn != null and !"".equals(bltnOpenYn)'>
				AND bt.bltn_open_yn = #{bltnOpenYn}
			</if>
			<if test='inqRgtnYn != null and !"".equals(inqRgtnYn)'>
				AND bt.inq_rgtn_yn = #{inqRgtnYn}
			</if>
	</select>
	
	<!-- 게시물 단일 조회 -->
	<select id="selectBlbrById" parameterType="com.wjthinkbig.aimath.blbr.vo.BlbrSearchVO" resultType="com.wjthinkbig.aimath.blbr.vo.BlbrVO">
		SELECT	/* Blbr_BRS_Mapper.selectBlbrById(게시물 단일 조회) 19001861 */
			bt.bltn_seq as bltnSeq						/* 게시물일련번호 */
			, bt.blbr_sno as blbrSno					/* 게시판일련번호 */
			, bt.bltn_title as bltnTitle				/* 게시물제목 */
			, bt.bltn_cn as bltnCn						/* 게시물내용 */
			, bt.dsp_chn_scn_cd as dspChnScnCd			/* 노출채널구분코드 */
			, ch.chn_nm as dspChnScnNm					/* 노출채널구분코드명 */
			, bt.bltn_scn_cd as bltnScnCd				/* 게시물구분코드 */
			, c.cd_nm as bltnScnNm						/* 게시물구분코드명 */
			, bt.chk_ct as chkCt						/* 조회수 */
			, bt.bltn_open_yn as bltnOpenYn				/* 게시물공개여부 */
			, bt.inq_rgtn_yn as inqRgtnYn				/* 질문등록여부 */
			, bt.rgtn_dt as rgtnDt						/* 등록일 */
			, bt.rgtn_user as rgtnUser					/* 등록자 */
			, bt.mod_dt as modDt						/* 수정일 */
			, bt.mod_user as modUser					/* 수정자 */
		FROM
			brs.tb_cmn_blbr bb
			INNER JOIN brs.tb_cmn_bltn bt ON bb.blbr_sno = bt.blbr_sno
			INNER JOIN brs.tb_cmn_chn ch ON bt.dsp_chn_scn_cd = ch.chn_cd
			LEFT JOIN brs.tb_cmn_cd c ON c.cmn_cd = bt.bltn_scn_cd AND c.up_cd = 'BLTN_SCN_CD'
		WHERE
			bb.blbr_sno = #{blbrSno}
			AND bt.bltn_seq = #{bltnSeq}
	</select>
	
	<!-- 게시물 등록 -->
	<insert id="insertBlbr" parameterType="com.wjthinkbig.aimath.blbr.vo.BlbrVO">
    	INSERT	/* Blbr_BRS_Mapper.insertBlbr(게시물 등록) 19001861 */
    	INTO brs.tb_cmn_bltn
    		(blbr_sno									/* 게시판일련번호 */
			, bltn_title								/* 게시물제목 */
			, bltn_cn									/* 게시물내용 */
			, dsp_chn_scn_cd							/* 노출채널구분코드 */
			<if test='bltnScnCd != null and !"".equals(bltnScnCd)'>
				, bltn_scn_cd							/* 게시물구분코드 */
			</if>
			, chk_ct									/* 조회수 */
			, bltn_open_yn								/* 게시물공개여부 */
			<if test='inqRgtnYn != null and !"".equals(inqRgtnYn)'>
				, inq_rgtn_yn							/* 질문등록여부 */
			</if>
			, rgtn_dt									/* 등록일 */
			, rgtn_user									/* 등록자 */
    	) VALUES (
    	    #{blbrSno}									/* 게시판일련번호 */
			, #{bltnTitle}								/* 게시물제목 */
			, #{bltnCn}									/* 게시물내용 */
			, #{dspChnScnCd}							/* 노출채널구분코드 */
			<if test='bltnScnCd != null and !"".equals(bltnScnCd)'>
				, #{bltnScnCd}							/* 게시물구분코드 */
			</if>
			, 0											/* 조회수 */
			, #{bltnOpenYn}								/* 게시물공개여부 */
			<if test='inqRgtnYn != null and !"".equals(inqRgtnYn)'>
				, #{inqRgtnYn}							/* 질문등록여부 */
			</if>
    	   , NOW()										/*등록일시*/
    	   , #{rgtnUser})								/*등록자ID*/
	</insert>
	
	<!-- 게시물 수정 -->
	<update id="updateBlbr" parameterType="com.wjthinkbig.aimath.blbr.vo.BlbrVO">
		UPDATE	/* Blbr_BRS_Mapper.updateBlbr(게시물 수정) 19001861 */ brs.tb_cmn_bltn
		SET
			bltn_title = #{bltnTitle},					/* 게시물제목 */
			bltn_cn = #{bltnCn},						/* 게시물내용 */
			dsp_chn_scn_cd = #{dspChnScnCd},			/* 노출채널구분코드 */
			bltn_open_yn = #{bltnOpenYn},				/* 게시물공개여부 */
			<if test='bltnScnCd != null and !"".equals(bltnScnCd)'>
				bltn_scn_cd = #{bltnScnCd},				/* 게시물구분코드 */
			</if>
			<if test='inqRgtnYn != null and !"".equals(inqRgtnYn)'>
				inq_rgtn_yn = #{inqRgtnYn},				/* 질문등록여부 */
			</if>
			mod_dt = NOW(),								/* 수정일시 */
			mod_user = #{modUser}						/* 수정자 */
		WHERE
			blbr_sno = #{blbrSno}						/* 게시판일련번호 */
			AND bltn_seq = #{bltnSeq}					/* 게시물일련번호 */
	</update>
	
	<!-- 게시물 조회 수 업 -->
	<update id="updateBlbrChkCtUp" parameterType="com.wjthinkbig.aimath.blbr.vo.BlbrVO">
		UPDATE	/* Blbr_BRS_Mapper.updateBlbrChkCtUp(게시물 조회 수 업) 19001861 */ brs.tb_cmn_bltn
		SET
			chk_ct = COALESCE(chk_ct, 0) + 1 
		WHERE
			blbr_sno = #{blbrSno}						/* 게시판일련번호 */
			AND bltn_seq = #{bltnSeq}					/* 게시물일련번호 */
	</update>
	
	<!-- 게시물 정보 삭제 -->
	<delete id="deleteBlbr" parameterType="com.wjthinkbig.aimath.blbr.vo.BlbrVO">
		DELETE	/* Blbr_BRS_Mapper.deleteBlbr(게시물 정보 삭제) 19001861 */
		FROM brs.tb_cmn_bltn
		WHERE
			blbr_sno = #{blbrSno}						/* 게시판일련번호 */
			AND bltn_seq = #{bltnSeq}					/* 게시물일련번호 */
	</delete>
	
</mapper>