<?xml version="1.0" encoding="UTF-8"?>
<!DOCTYPE mapper PUBLIC "-//mybatis.org//DTD Mapper 3.0//EN" "http://mybatis.org/dtd/mybatis-3-mapper.dtd">

<mapper namespace="com.wjthinkbig.aimath.mbr.service.dao.MbrDao">

	<!-- (OK) 가입회원 신규등록 -->
	<insert id="insertMbr" parameterType="com.wjthinkbig.aimath.mbr.vo.MbrVO">
		INSERT  /* Mbr_BRS_Mapper.insertMbr(신규 가입원등록) 19001877*/
		INTO brs.tb_cmn_sbsce_mbr (
			mbr_id
			, email_adrs
			, chn_cd
			, pw
			, phone
			, email_cert_yn
			, session_id
			, del_yn
			, rgtn_dt
			, rgtn_user
			, mod_dt
			, mod_user
			<if test='pwChngeDt != null and !"".equals(pwChngeDt)'>
			, pw_chnge_dt
			</if>
			, cstmr_no
		) VALUES (
			  #{mbrId}			/* 회원ID (필수) */
			, #{emailAdrs}		/* 이메일주소 */
			, #{chnCd}			/* 채널코드 (필수) */
			, #{pw}				/* 비밀번호 */
			, #{phone}			/* 휴대폰 번호 */
			, #{emailCertYn}	/* 이메일인증여부  */
			, #{sessionId}		/* 세션 아이디  */
			, #{delYn}			/* 탈퇴여부  (필수) */
			, #{rgtnDt}			/* 등록일시 (필수) */
			, #{rgtnUser}		/* 등록자 (필수) */
			, #{modDt}          /* 수정일 */
			, #{modUser}        /* 수정자  */
			<if test='pwChngeDt != null and !"".equals(pwChngeDt)'>
			, #{pwChngeDt}      /* 비밀번호 변경 일시 */
			</if>
			, #{cstmrNo}		/* 고객번호 */
		)
	</insert>
	
	<!-- (OK) 특정 가입회원의 이메일 인증을 완료처리 -->
	<update id="updateEmailCertYn" parameterType="String">
		UPDATE /* User_BRS_Mapper.updateEmailCertYn (특정 가입회원의 이메일 인증을 완료처리) 19001877 */ 
			brs.tb_cmn_sbsce_mbr
		SET
			email_cert_yn = 'Y'
		WHERE
			mbr_id = #{mbrId}
	</update>
	
	<!-- (OK) 학습회원 신규등록 -->
	<insert id="insertMbrLrn" parameterType="com.wjthinkbig.aimath.mbr.vo.MbrLrnVO">
		INSERT  /* Mbr_BRS_Mapper.insertMbrLrn(신규 학습원등록) 19001877*/
		INTO brs.tb_cmn_lrn_mbr (
			  mbr_id 
			, sbsce_mbr_id 
			, mbr_nm 
			, brthmt
			, sxdn_cd
			, emotc_sno 
			, del_yn 
			, rgtn_dt 
			, rgtn_user
			, mod_dt
			, mod_user
			, cstmr_no
		) VALUES (
			  #{mbrId}		/* 회원ID (필수) */
			, #{sbsceMbrId}	/* 가입회원ID (필수) */
			, #{mbrNm}		/* 회원명 (필수) */
			, #{brthmt}		/* 생년월 (필수) */
			, #{sxdnCd}		/* 성별코드 (필수) */
			, #{emotcSno}	/* 이모티콘일련번호 */
			, #{delYn}		/* 삭제여부 (필수) */
			, #{rgtnDt}		/* 등록일시 */
			, #{rgtnUser}	/* 등록자  */
			, #{modDt}      /* 수정일 */
			, #{modUser}    /* 수정자 */
			, #{cstmrNo}	/* 고객번호 */
		)
	</insert>
	
	<!-- (OK) 특정회원의 약관내역을 신규등록  -->
	<insert id="insertMbrTerms" parameterType="com.wjthinkbig.aimath.mbr.vo.MbrTermsVO">
		INSERT /* Mbr_BRS_Mapper.insertMbrTerms(특정회원의 약관내역을 신규등록) 19001877*/
		INTO brs.tb_cmn_mbr_terms (
			sbsce_mbr_id
			, terms_id
			, agrmt_yn
			, rgtn_dt
			, rgtn_user
			, mod_dt
			, mod_user
		) values (
			#{sbsceMbrId}		/* 가입회원ID */
			, #{termsId}		/* 약관ID */
			, #{agrmtYn}		/* 동의여부 */
			, #{rgtnDt}		    /* 등록일시 */
			, #{rgtnUser}	    /* 등록자  */
			, #{modDt}          /* 수정일 */
			, #{modUser}        /* 수정자  */
		)		
	</insert>
	
	<!-- (OK) 해당 이메일 주소를 가진 회원의 존재여부를 true/false로 제공 -->
	<select id="isExistsByEmail" parameterType="string" resultType="boolean">
		SELECT /* Mbr_BRS_Mapper.isExistsByEmail(해당 이메일 주소를 가진 회원의 존재여부) 19001877*/
			count(1) as cnt 
		FROM 	brs.tb_cmn_sbsce_mbr
		WHERE   email_adrs = #{emailEn}    
	</select>
	
	<!-- (OK) 이메일로 (탈퇴하지 않은 정상) 가입회원의 정보를 가져온다.  -->
	<select id="selectMbrByEmail" parameterType="com.wjthinkbig.aimath.mbr.vo.MbrVO" resultType="com.wjthinkbig.aimath.mbr.vo.MbrVO">
		SELECT /* Mbr_BRS_Mapper.selectMbrByEmail(해당 이메일 주소를 가진 회원의 회원정보) 19001877 */
			 mbr.mbr_id					as mbrId				/*회원ID*/
			, mbr.email_adrs			as emailAdrs			/*이메일주소*/
			, mbr.chn_cd				as chnCd				/*채널코드*/
			, mbr.pw					as pw					/*비밀번호*/
			, mbr.phone					as phone				/*휴대폰번호*/
			, mbr.pw_chnge_dt			as pwChngeDt			/*비밀번호변경일시*/
			, mbr.email_cert_yn			as emailCertYn			/*이메일인증여부*/
			, mbr.session_id			as sessionId			/*세션ID*/
			, mbr.del_yn				as delYn				/*탈퇴여부*/
			, mbr.rgtn_dt				as rgtnDt				/*등록일시*/
			, mbr.rgtn_user				as rgtnUser				/*등록자*/
			, mbr.mod_dt				as modDt				/*수정일시*/
			, mbr.mod_user				as modUser				/*수정자*/
		FROM
			 brs.tb_cmn_sbsce_mbr mbr
		WHERE
			mbr.del_yn = 'N'
			AND mbr.email_adrs = #{emailAdrs}					/* 회원 이메일 */
	</select>
	
	<!-- (OK) 특정 가입회원의 가장 최근 로그인 이력정보를 가져온다.  -->
	<select id="selectMbrHstById" parameterType="string" resultType="java.util.HashMap">
		SELECT /* User_BRS_Mapper.selectMbrHstById (최근 로그인 이력과 디바이스 ) 19001877 */
			login_bgn_dt 				as loginDt,			/* 최종 로그인 날짜 */     		
			device_scn_cd 				as device			/* 디바이스 */
		FROM 
			brs.tb_cmn_sbsce_mbr_login_hst 					/* 가입회원로그인이력 */
		WHERE sbsce_mbr_id  = #{mbrId} 						/* 가입회원 아이디 */
		ORDER BY login_bgn_dt DESC LIMIT 1
	</select>
	
	<!-- (OK) 가입회원아이디로 (탈퇴하지 않은 정상) 가입회원의 정보를 가져온다. -->
	<select id="selectMbrById" parameterType="string" resultType="com.wjthinkbig.aimath.mbr.vo.MbrVO">
		SELECT /* User_BRS_Mapper.selectMbrSchById (특정 가입  회원조회) 19001877 */
			m.mbr_id			as mbrId			/* 회원ID*/
			, m.email_adrs		as emailAdrs		/* 이메일주소*/
			, m.chn_cd 		    as chnCd	        /* 채널코드 */
			, m.pw				as pw 				/* 비밀번호 */
			, m.phone			as phone			/* 휴대폰번호 */
			, m.pw_chnge_dt		as pwChngeDt		/* 비밀번호변경일시 */
			, m.email_cert_yn	as emailCertYn		/* 이메일인증여부 */
			, m.session_id		as sessionId		/* 세션ID */
			, m.del_yn			as delYn			/* 탈퇴여부 */
			, m.rgtn_dt			as rgtnDt			/* 등록일시 */
			, m.rgtn_user		as rgtnUser			/* 등록자 */
			, m.mod_dt			as modDt			/* 수정일시 */
			, m.mod_user		as modUser			/* 수정자 */
		FROM 
			brs.tb_cmn_sbsce_mbr m
		WHERE  del_yn ='N'
		AND m.mbr_id = #{mbrId};					/* 가입회원 아이디 */
	</select>
	
	<!-- (OK) 특정 가입회원의 (삭제되지않은 정상) 모든 학습회원 리스트 조회 -->
	<select id="selectMbrLrnListById" parameterType="String" resultType="com.wjthinkbig.aimath.mbr.vo.MbrLrnVO">
		SELECT /* User_BRS_Mapper.selectMbrLrnListById (특정 회원의 학습자 조회) 19001877 */
			 lrn.mbr_id 			as mbrId			/* 회원ID */
			, lrn.sbsce_mbr_id		as sbsceMbrId		/* 가입회원ID */
			, lrn.mbr_nm			as mbrNm			/* 회원명 */
			, lrn.brthmt			as brthmt			/* 생년월 */
			, lrn.sxdn_cd			as sxdnCd			/* 성별코드 */
			, lrn.emotc_sno			as emotcSno			/* 이모티콘일련번호 */
			, lrn.del_yn			as delYn			/* 삭제여부 */
			, lrn.rgtn_dt			as rgtnDt			/* 등록일시 */
			, lrn.rgtn_user			as rgtnUser			/* 등록자 */
			, lrn.mod_dt			as modDt 			/* 수정일시 */
			, lrn.mod_user			as modUser 			/* 수정자 */
		FROM
			brs.tb_cmn_lrn_mbr lrn
		WHERE
			lrn.del_yn = 'N'
		AND lrn.sbsce_mbr_id = #{sbsceMbrId}			/* 가입회원 아이디 */
		ORDER BY lrn.rgtn_dt DESC;
	</select>
	
	<!-- (OK) (삭제되지않은 정상) 특정 학습회원의 정보 조회 -->
	<select id="selectMbrLrnById" parameterType="String" resultType="com.wjthinkbig.aimath.mbr.vo.MbrLrnVO">
		SELECT /* User_BRS_Mapper.selectMbrLrnById (특정 학습 회원 조회) 19001877 */
		 	  lrn.mbr_id    		as mbrId   		/*회원ID*/
		 	, lrn.sbsce_mbr_id 		as sbsceMbrId	/*가입회원ID*/
		 	, lrn.mbr_nm   			as mbrNm   		/*회원명*/
		 	, lrn.brthmt   			as brthmt   	/*생년월*/
		 	, lrn.sxdn_cd  			as sxdnCd   	/*성별코드*/
		 	, lrn.emotc_sno  		as emotcSno   	/*이모티콘일련번호*/
		 	, lrn.del_yn   			as delYn   		/*삭제여부*/
		 	, lrn.rgtn_dt  			as rgtnDt   	/*등록일시*/
		 	, lrn.rgtn_user  		as rgtnUser   	/*등록자*/
		 	, lrn.mod_dt   			as modDt    	/*수정일시*/
		 	, lrn.mod_user  		as modUser    	/*수정자*/
		FROM
		 	brs.tb_cmn_lrn_mbr lrn
		WHERE lrn.del_yn = 'N'
		AND   lrn.mbr_id = #{mbrId};               /* 가입회원 아이디 */
	</select>
		
	<!-- (OK) 검색조건을 만족하는 (정상) 가입회원 리스트 조회 : 특정 이메일을 가진 회원 또는 특정 이름의 자녀를 가진 회원  -->
	<select id="selectMbrs" parameterType="com.wjthinkbig.aimath.mbr.vo.MbrSearchVO" resultType="com.wjthinkbig.aimath.mbr.vo.MbrVO">
		SELECT   /* User_BRS_Mapper.selectMbrs (전체 회원조회 ) 19001877 */
			 mbr.mbr_id						as mbr_id					/* 회원ID */
			, mbr.email_adrs				as email_adrs				/* 이메일주소 */
			, mbr.chn_cd					as chn_cd					/* 채널코드 */
			, (
			   SELECT chn_nm 
			   FROM brs.tb_cmn_chn 
			   WHERE chn_cd = mbr.chn_cd
			  )		    					as chnNm	        		/* 채널이름 */
			, mbr.pw						as pw						/* 비밀번호 */
			, mbr.phone						as phone					/* 휴대폰번호 */
			, mbr.pw_chnge_dt				as pw_chnge_dt				/* 비밀번호변경일시 */
			, mbr.email_cert_yn				as email_cert_yn			/* 이메일인증여부 */
			, mbr.session_id				as session_id				/* 세션ID */
			, mbr.del_yn					as del_yn					/* 탈퇴여부 */
			, mbr.rgtn_dt					as rgtn_dt					/* 등록일시 */
			, mbr.rgtn_user					as rgtn_user				/* 등록자 */
			, mbr.mod_dt					as mod_dt					/* 수정일시 */
			, mbr.mod_user					as mod_user					/* 수정자 */
			, (
			   SELECT MAX(login_dt) loginDt  
			   FROM brs.tb_cmn_mbr_login_hst 
			   WHERE mbr_id = mbr.mbr_id
			  ) 							as login_dt 				/* 최종접속일 */
   			,(
   			   SELECT COUNT(1) as count 
   			   FROM brs.tb_cmn_lrn_mbr 
   			   WHERE del_yn = 'N' 
   			   AND   sbsce_mbr_id = mbr.mbr_id
   			 ) 								as mbrLrnCnt 				/* 학습회원수 */
		FROM
			 brs.tb_cmn_sbsce_mbr mbr
		WHERE
			mbr.del_yn='N'
			<if test='chnCd != null and !"".equals(chnCd)'>
				AND mbr.chn_cd = #{chnCd}								/* 채널코드 */
			</if>
			
			<if test='srchTxt != null and !"".equals(srchTxt)'>
				<choose>
					<when test='"EMAIL".equals(srchTy)'>
						AND mbr.email_adrs = #{srchTxt}					/* 검색어 */
					</when>
					<when test='"NM".equals(srchTy)'>
						AND mbr.mbr_id IN (
								SELECT lrn.sbsce_mbr_id
								FROM brs.tb_cmn_lrn_mbr lrn
								WHERE
									lrn.del_yn = 'N'
									AND lrn.mbr_nm = #{srchTxt}			/* 검색어 */
							)
					</when>
					<when test='"ALL".equals(srchTy)'>
						AND (mbr.email_adrs = #{srchTxt}				/* 검색어 */
							OR mbr.mbr_id IN (
								SELECT mbrlrn.sbsce_mbr_id
								FROM brs.tb_cmn_lrn_mbr mbrlrn
								WHERE
									mbrlrn.del_yn = 'N'
									AND mbrlrn.mbr_nm = #{srchTxt}		/* 검색어 */
							))
					</when>
				</choose>
			</if>
			<if test='startSbsceYmd != null and !"".equals(startSbsceYmd)'>
				AND mbr.rgtn_dt <![CDATA[ >= ]]> to_timestamp(#{startSbsceYmd},'YYYY-MM-DD HH24:MI:SS') 
			</if>
			<if test='endSbsceYmd != null and !"".equals(endSbsceYmd)'>
			   AND mbr.rgtn_dt <![CDATA[ <= ]]> to_timestamp(#{endSbsceYmd},'YYYY-MM-DD HH24:MI:SS')+'0-1 00:00:00'
			</if>
		ORDER BY rgtn_dt DESC
		<if test='"Y".equals(pagingYn)'>
			LIMIT #{rowCnt} OFFSET #{rowCnt} * (#{currentPage} - 1)
		</if>
	</select>
	 
	<!-- (OK) 검색조건을 만족하는 (정상) 가입회원의 건 수 조회 : 특정 이메일을 가진 회원 또는 특정 이름의 자녀를 가진 회원 -->
	<select id="selectMbrsCnt" parameterType="com.wjthinkbig.aimath.mbr.vo.MbrSearchVO" resultType="int">
		SELECT  /* User_BRS_Mapper.selectMbrsCnt (검색 조건에 따른  회원수  조회 ) 19001877 */
			 COUNT(1) AS cnt											/* 회원수 */
		FROM
			brs.tb_cmn_sbsce_mbr mbr
		WHERE
			mbr.del_yn='N'
			<if test='chnCd != null and !"".equals(chnCd)'>
				AND mbr.chn_cd = #{chnCd}								/* 채널코드 */
			</if>
			
			<if test='srchTxt != null and !"".equals(srchTxt)'>
				<choose>
					<when test='"EMAIL".equals(srchTy)'>
						AND mbr.email_adrs = #{srchTxt}					/* 검색어 */
					</when>
					<when test='"NM".equals(srchTy)'>
						AND mbr.mbr_id IN (
								SELECT lrn.sbsce_mbr_id
								FROM brs.tb_cmn_lrn_mbr lrn
								WHERE
									lrn.del_yn = 'N'
									AND lrn.mbr_nm = #{srchTxt}			/* 검색어 */
							)
					</when>
					<when test='"ALL".equals(srchTy)'>
						AND (mbr.email_adrs = #{srchTxt}
							OR mbr.mbr_id IN (
								SELECT mbrlrn.sbsce_mbr_id
								FROM brs.tb_cmn_lrn_mbr mbrlrn
								WHERE
									mbrlrn.del_yn = 'N'
									AND mbrlrn.mbr_nm = #{srchTxt}		/* 검색어 */
							))
					</when>
				</choose>
			</if>
			<if test='startSbsceYmd != null and !"".equals(startSbsceYmd)'>
				AND mbr.rgtn_dt <![CDATA[ >= ]]> to_timestamp(#{startSbsceYmd},'YYYY-MM-DD HH24:MI:SS') 
			</if>
			<if test='endSbsceYmd != null and !"".equals(endSbsceYmd)'>
			   AND mbr.rgtn_dt <![CDATA[ <= ]]> to_timestamp(#{endSbsceYmd},'YYYY-MM-DD HH24:MI:SS')+'0-1 00:00:00'
			</if>
	</select>
		
	<!-- (OK) 특정 학습회원을 삭제처리한다. -->
	<delete id="deleteMbrLrn" parameterType="com.wjthinkbig.aimath.mbr.vo.MbrLrnVO">
		UPDATE /* User_BRS_Mapper.deleteMbrLrn (학습자 단일 삭제) 19001877 */ 
			brs.tb_cmn_lrn_mbr
		SET
			del_yn = 'Y'
			, mod_user	= #{modUser}					/* 수정자 */
			, mod_dt	= #{modDt}						/* 수정일시 */
		WHERE
			mbr_id = #{mbrId}
	</delete>
	
	<!-- (OK) 특정 아이디를 갖는 가입회원을 탈퇴처리한다. -->
	<delete id="deleteMbr" parameterType="com.wjthinkbig.aimath.mbr.vo.MbrVO">
		UPDATE /* User_BRS_Mapper.deleteMbr (회원 정보 삭제) 19001877 */ 
			brs.tb_cmn_sbsce_mbr
		SET
			del_yn = 'Y'
			, mod_user	= #{modUser}					/* 수정자 */
			, mod_dt	= #{modDt}						/* 수정일시 */
		WHERE
			mbr_id = #{mbrId}
	</delete>
	
	<!-- (OK) 특정 가입회원의 학습회원을 일괄 모두 삭제 --> 
	<delete id="deleteMbrLrnBySbsceId" parameterType="com.wjthinkbig.aimath.mbr.vo.MbrVO">
		UPDATE /* User_BRS_Mapper.deleteMbrLrnBySbsceId (특정 가입회원의 학습자 일괄 삭제) 19001877 */ 
			brs.tb_cmn_lrn_mbr
		SET
			del_yn = 'Y'
			, mod_user 	= #{modUser}					/* 수정자 */
			, mod_dt 	= #{modDt}						/* 수정일시 */
		WHERE
			sbsce_mbr_id = #{mbrId}
	</delete>
	
	<!-- (OK) 특정 아이디의 가입회원정보 (비밀번호)를 변경한다. -->
	<update id="updateMbr" parameterType="com.wjthinkbig.aimath.mbr.vo.MbrVO">
		UPDATE /* User_BRS_Mapper.updateMbr (회원정보 변경) 19001877 */ 
			brs.tb_cmn_sbsce_mbr
		SET
			pw = #{pw}										/* 비밀번호 */
			, pw_chnge_dt	= #{pwChngeDt} 					/* 비밀번호변경일시 */
			, mod_user		= #{modUser}					/* 수정자 */
			, mod_dt		= #{modDt}						/* 수정일시 */
		WHERE
			mbr_id = #{mbrId}
	</update>
	
	<!-- (OK) 특정 가입자의 학습 회원 중 특정 학습회원의 정보(이름,성별)를 변경한다. -->
	<update id="updateMbrLrn" parameterType="com.wjthinkbig.aimath.mbr.vo.MbrLrnVO">
		UPDATE /* User_BRS_Mapper.updateMbrLrn (학습자 정보 변경) 19001861*/ 
			brs.tb_cmn_lrn_mbr
		SET
			 mbr_nm = #{mbrNm}						/* 회원명 */
			, emotc_sno = #{emotcSno}               /* 이모티콘 */	
			, sxdn_cd = #{sxdnCd}					/* 성별코드 */
			, mod_user = #{modUser}					/* 수정자 */
			, mod_dt = #{modDt}						/* 수정일시 */
		WHERE
			sbsce_mbr_id = #{sbsceMbrId}
			AND mbr_id = #{mbrId}
	</update>
	
	<!-- (OK) 가입회원 로그인이력 등록  -->
	<insert id="insertMbrLog" parameterType="com.wjthinkbig.aimath.mbr.vo.MbrLogVO">
		INSERT  /* Mbr_BRS_Mapper.insertMbrLog(가입회원 로그인이력 등록) 19001877 */
		INTO brs.tb_cmn_sbsce_mbr_login_hst (
			sbsce_mbr_id							/* 가입회원ID */
			, login_bgn_dt							/* 로그인시작일시 */
			, device_scn_cd							/* 디바이스 구분코드 */
			, cntrt_no								/* 계약번호 */
		) VALUES (
			#{sbsceMbrId}
			, #{loginBgnDt}
			, #{deviceScnCd}
			, #{cntrtNo}
		)
	</insert>
	
	<!-- (OK) 학습회원 진입이력 등록 -->
	<insert id="insertMbrLrnLog" parameterType="java.util.HashMap">
		INSERT /* Mbr_BRS_Mapper.insertMbrLrnLog(학습자 진입 로그 입력) 19001877 */
		INTO brs.tb_cmn_lrn_mbr_enty_hst (
			lrn_mbr_id								/* 학습회원ID */
			, enty_bgn_dt							/* 진입시작일시 */
		) VALUES (
			#{lrnMbrId}
			, #{entyBgnDt}
		)
	</insert>
	
	<!-- (OK) 학습자의 최근 학습 내역을 가져온다. : 진단이력, 주제진입이력, 코스진입이력 -->
	<select id="selectRcntLrn" parameterType="String" resultType="com.wjthinkbig.aimath.mbr.vo.MbrRcntLrnVO">
		SELECT /* User_BRS_Mapper.selectRcntLrn (최근 학습이력 조회) 19001877 */
			  lrn.mbr_id 							as mbrLrnId		/* 학습회원 아이디 */						
			, dgns.bgn_stg_cd						as dgnsStg      /* 진단완료 스테이지*/
		    , dgns.dgns_end_dt						as dgnsEndDt    /* 진단완료 날짜 */
		    , (
			      SELECT stg_cd 					as stgCd 				
			      FROM brs.tb_lnr_cous_enty_stg_hst /* 코스진입스테이지이력 */
			      WHERE lrn.mbr_id = lrn_mbr_id 
			      AND   del_yn = 'N' 
			      ORDER BY lrn_end_dt DESC LIMIT 1 
		      )  									as rctCousStg	/* 최근 코스학습 스테이지 */
		   	, (
			   	  SELECT lrn_end_dt  				as lrnEndDt
			   	  FROM brs.tb_lnr_cous_enty_stg_hst /* 코스진입스테이지이력*/
			   	  WHERE lrn.mbr_id = lrn_mbr_id 
			   	  AND del_yn='N' 
			   	  ORDER BY lrn_end_dt DESC LIMIT 1 
		   	  )									  	as rctCousDt 	/* 최근 코스학습 종료날짜 */
		   	, (
			   	  SELECT stg_cd  					as stgCd
			   	  FROM brs.tb_lnr_thma_enty_stg_hst /* 주제진입스테이지이력*/
			   	  WHERE lrn.mbr_id = lrn_mbr_id 
			   	  AND del_yn = 'N' 
			   	  ORDER BY lrn_end_dt DESC LIMIT 1 
		   	  ) 									as rctThmaStg   /* 최근 주제학습 스테이지 */
		   	, (
			   	  SELECT lrn_end_dt  				as lrnEndDt
			   	  FROM brs.tb_lnr_thma_enty_stg_hst /* 주제진입스테이지이력*/
			   	  WHERE lrn.mbr_id = lrn_mbr_id 
			   	  AND del_yn = 'N' 
			   	  ORDER BY lrn_end_dt DESC LIMIT 1 
		   	  )										as rctThmaDt	/* 최근 주제학습 종료날짜 */
		FROM
			brs.tb_cmn_lrn_mbr lrn /* 학습회원정보*/
		LEFT 
			JOIN brs.tb_lnr_dgns_hst dgns							/* 진단테스트이력정보*/
		ON 		dgns.lrn_mbr_id = lrn.mbr_id
		WHERE 	lrn.del_yn = 'N'
		AND 	lrn.mbr_id = #{learner}								/* 학습회원 아이디 */
	</select>	

	
	
	<!-- 회원의 약관 정보 리스트 -->
	<select id="selectMbrTermsListById" parameterType="java.util.HashMap" resultType="com.wjthinkbig.aimath.mbr.vo.MbrTermsVO">
		SELECT /* User_BRS_Mapper.selectMbrTermsListById (회원의 약관 정보 리스트 ) 19001877 */
			mbrterm.sbsce_mbr_id 						as sbsceMbrId					/* 회원 아이디*/
			, mbrterm.terms_id							as termsId						/* 약관 아이디 */
			, mbrterm.agrmt_yn							as agrmtYn						/* 동의 여부 */
			, meta.terms_thma 							as termsNm						/* 약관주제 */
			, info.esntl_yn 							as esntlYn						/* 필수여부 */
		FROM brs.tb_cmn_mbr_terms  mbrterm												/* 회원 약관 내역 */
		INNER JOIN brs.tb_cmn_terms_info info ON  info.terms_id = mbrterm.terms_id      /* 약관 */
		INNER JOIN brs.tb_cmn_terms_hst hst ON info.terms_id = hst.terms_id				/* 약관이력 */
		INNER JOIN brs.tb_cmn_terms_meta meta ON meta.terms_id = info.terms_id 			/* 약관 메타 */
			AND meta.terms_hst_sno = hst.terms_hst_sno
			AND meta.lang_cd = #{langCd} AND hst.chn_cd = meta.chn_cd
		INNER JOIN (SELECT
						terms_id,
						chn_cd,
						MAX(terms_hst_sno) as terms_hst_sno
					FROM
						brs.tb_cmn_terms_hst 
					WHERE
						use_yn = 'Y'
					AND aplcn_ymd <![CDATA[<=]]> TO_CHAR(NOW(), 'YYYYMMDD')
					AND chn_cd = #{chnCd}													/* 채널코드 		*/
					GROUP BY terms_id, chn_cd) t1 ON hst.terms_hst_sno = t1.terms_hst_sno 	/* 최상위 약관 이력	*/
					AND hst.chn_cd = t1.chn_cd 
					AND  t1.terms_id = mbrterm.terms_id
		WHERE info.use_yn = 'Y' and  mbrterm.sbsce_mbr_id = #{mbrId}						/* 가입회원 아이디 	*/
		ORDER BY info.odr ASC;
	</select>
	
	<!-- (OK) 특정 회원의  특정 약관에 대한 동의여부를 변경한다. -->
	<update id="updateTerms" parameterType="com.wjthinkbig.aimath.mbr.vo.MbrTermsVO">
		UPDATE /* User_BRS_Mapper.updateTerms 해당 회원의  약관 동의를  업데이트   19001877 */ 
			brs.tb_cmn_mbr_terms 
		SET
			agrmt_yn = #{agrmtYn}						/* 동의 여부 */
		WHERE
			sbsce_mbr_id	= #{sbsceMbrId}				/* 가입회원 아이디 */
		AND terms_id		= #{termsId}				/* 약관 아이디 */
	</update>
	
	<!-- (NOT) 스마트올 계약 번호로 회원 조회 (사용안함)  -->
	<select id="selectMbrByCtrCode" parameterType="String" resultType="com.wjthinkbig.aimath.mbr.vo.MbrVO">
		SELECT /* User_BRS_Mapper.selectMbrByCtrCode (스마트올 계약 번호로 회원 조회 ) 19001877 */
			m.mbr_id			as mbrId			/* 회원ID */
			, m.email_adrs		as emailAdrs		/* 이메일주소 */
			, m.chn_cd		 	as chnCd	        /* 채널이름 */
			, m.pw				as pw 				/* 비밀번호 */
			, m.phone			as phone			/* 휴대폰번호 */
			, m.pw_chnge_dt		as pwChngeDt		/* 비밀번호변경일시 */
			, m.email_cert_yn	as emailCertYn		/* 이메일인증여부 */
			, m.session_id		as sessionId		/* 세션ID */
			, m.del_yn			as delYn			/* 탈퇴여부 */
			, m.rgtn_dt			as rgtnDt			/* 등록일시 */
			, m.rgtn_user		as rgtnUser			/* 등록자 */
			, m.mod_dt			as modDt			/* 수정일시 */
			, m.mod_user		as modUser			/* 수정자 */
		FROM 
			brs.tb_cmn_sbsce_mbr m
		WHERE  del_yn = 'N'
		AND m.email_adrs = #{contract}
	</select>
		
</mapper>