<?xml version="1.0" encoding="UTF-8"?>
<!DOCTYPE mapper PUBLIC "-//mybatis.org//DTD Mapper 3.0//EN" "http://mybatis.org/dtd/mybatis-3-mapper.dtd">

<mapper namespace="com.wjthinkbig.aimath.corse.service.dao.CorseDao">
	
	<!-- 교육과정 전체 리스트 조회 -->
	<select id="selectCorseList" parameterType="com.wjthinkbig.aimath.corse.vo.CorseSearchVO" resultType="com.wjthinkbig.aimath.corse.vo.CorseVO">
		SELECT	/* Corse_BRS_Mapper.selectCorseList(교육과정 전체 리스트 조회) 19001861 */
			s.stg_cd AS stgCd										/* 소주제코드 */
			, sm.stg_nm AS stgNm									/* 소주제명 */
			, sci.edu_curs_year_cd AS eduCursYearCd					/* 교육과정코드 */
			, c1.cd_nm AS eduCursYearCdNm							/* 교육과정코드명 */
			, sci.edu_curs_cd AS eduCursCd							/* 학년학기코드 */
			, c2.cd_nm AS eduCursCdNm								/* 학년학기코드명 */
			, sci.unit_cd AS unitCd									/* 단원코드 */
			, c3.cd_nm AS unitCdNm									/* 단원코드명 */
			, sci.unit_nm AS unitNm									/* 단원명 */
			, sci.rgtn_dt AS rgtnDt									/* 등록일 */
			, sci.rgtn_user AS rgtnUser								/* 등록자 */
			, sci.mod_dt AS modDt									/* 수정일 */
			, sci.mod_user AS modUser								/* 수정자 */
		FROM
			brs.tb_cmn_stg s
			INNER JOIN brs.tb_cmn_stg_meta sm ON sm.stg_cd = s.stg_cd and sm.lang_cd = #{langCd}
			LEFT JOIN brs.tb_cmn_stg_corse_info sci ON s.stg_cd = sci.stg_cd
			LEFT JOIN brs.tb_cmn_cd c1 ON sci.edu_curs_year_cd = c1.cmn_cd and c1.up_cd = 'EDU_CURS_YEAR_CD'
			LEFT JOIN brs.tb_cmn_cd c2 ON sci.edu_curs_cd  = c2.cmn_cd and c2.up_cd = 'EDU_CURS_CD'
			LEFT JOIN brs.tb_cmn_cd c3 ON sci.unit_cd  = c3.cmn_cd and c3.up_cd = 'UNIT_CD'
		<where>
			<if test='srchTxt != null and !"".equals(srchTxt)'>
				<choose>
					<when test='"CODE".equals(srchTy)'>
						AND s.stg_cd = #{srchTxt}		/* 검색어 */
					</when>
					<when test='"NM".equals(srchTy)'>
						AND sm.stg_nm LIKE '%' || #{srchTxt} || '%'	/* 검색어 */
					</when>
					<when test='"USER".equals(srchTy)'>
						AND sci.rgtn_user = #{srchTxt}	/* 검색어 */
					</when>
					<when test='"ALL".equals(srchTy)'>
						AND (s.stg_cd = #{srchTxt} OR sm.stg_nm LIKE '%' || #{srchTxt} || '%' OR sci.rgtn_user = #{srchTxt})	/* 검색어 */
					</when>
				</choose>
			</if>
			<if test='eduCursYearCd != null and !"".equals(eduCursYearCd)'>
				<choose>
					<when test='"NONE".equals(eduCursYearCd)'>
						AND sci.edu_curs_year_cd IS NULL
					</when>
					<otherwise>
						AND sci.edu_curs_year_cd = #{eduCursYearCd}		/* 교육과정코드 */
					</otherwise>
				</choose>
			</if>
			<if test='eduCursCd != null and !"".equals(eduCursCd)'>
				AND sci.edu_curs_cd = #{eduCursCd}						/* 학년학기코드 */
			</if>
			<if test='unitCd != null and !"".equals(unitCd)'>
				AND sci.unit_cd = #{unitCd}								/* 단원코드 */
			</if>
		</where>
		<if test='odrTy != null and !"".equals(odrTy)'>
			<choose>
				<when test='"DTD".equals(odrTy)'>
					ORDER BY sci.rgtn_dt DESC, s.stg_cd DESC
				</when>
				<when test='"DTA".equals(odrTy)'>
					ORDER BY sci.rgtn_dt ASC, s.stg_cd ASC
				</when>
				<when test='"CDA".equals(odrTy)'>
					ORDER BY s.stg_cd ASC
				</when>
				<when test='"CDD".equals(odrTy)'>
					ORDER BY s.stg_cd DESC
				</when>
			</choose>
		</if>
		<if test='odrTy == null or "".equals(odrTy)'>
			ORDER BY s.stg_cd ASC
		</if>
		<if test='"Y".equals(pagingYn)'>
			LIMIT #{rowCnt} OFFSET #{rowCnt} * (#{currentPage} - 1)		/* rowCnt(한페이지에 보여질 리스트 수) currentPage(현재페이지) */
		</if>
	</select>
	
	<!-- 교육과정 소주제 단일 조회 -->
	<select id="selectCorseById" parameterType="com.wjthinkbig.aimath.corse.vo.CorseSearchVO" resultType="com.wjthinkbig.aimath.corse.vo.CorseSingleVO">
		SELECT	/* Corse_BRS_Mapper.selectCorseById(교육과정 소주제 단일 조회) 19001861 */
			s.stg_cd AS stgCd						/* 소주제코드 */
			, sm.stg_nm AS stgNm					/* 소주제명 */
			, t.thma_cd AS thmaCd					/* 주제코드 */
			, t.thma_nm AS thmaNm					/* 주제명 */
		FROM
			brs.tb_cmn_stg s
			INNER JOIN brs.tb_cmn_stg_meta sm ON sm.stg_cd = s.stg_cd and sm.lang_cd = #{langCd}
			INNER JOIN brs.tb_cmn_thma t ON s.thma_cd = t.thma_cd
		WHERE
			s.stg_cd = #{stg_cd}					/* 소주제코드 */
	</select>
	
	<!-- 교육과정 소주제 맵핑 리스트 조회 -->
	<select id="selectCorseListById" parameterType="com.wjthinkbig.aimath.corse.vo.CorseSearchVO" resultType="com.wjthinkbig.aimath.corse.vo.CorseVO">
		SELECT	/* Corse_BRS_Mapper.selectCorseListById(교육과정 소주제 맵핑 리스트 조회) 19001861 */
			s.stg_cd AS stgCd										/* 소주제코드 */
			, sm.stg_nm AS stgNm										/* 소주제명 */
			, sci.stg_corse_sno AS stgCorseSno						/* 소주제교과일련번호 */
			, sci.edu_curs_year_cd AS eduCursYearCd					/* 교육과정코드 */
			, c1.cd_nm AS eduCursYearCdNm							/* 교육과정코드명 */
			, sci.edu_curs_cd AS eduCursCd							/* 학년학기코드 */
			, c2.cd_nm AS eduCursCdNm								/* 학년학기코드명 */
			, sci.unit_cd AS unitCd									/* 단원코드 */
			, c3.cd_nm AS unitCdNm									/* 단원코드명 */
			, sci.unit_nm AS unitNm									/* 단원명 */
			, sci.rgtn_dt AS rgtnDt									/* 등록일 */
			, sci.rgtn_user AS rgtnUser								/* 등록자 */
			, sci.mod_dt AS modDt									/* 수정일 */
			, sci.mod_user AS modUser								/* 수정자 */
		FROM
			brs.tb_cmn_stg s
			INNER JOIN brs.tb_cmn_stg_meta sm ON sm.stg_cd = s.stg_cd and sm.lang_cd = #{langCd}
			LEFT JOIN brs.tb_cmn_stg_corse_info sci ON s.stg_cd = sci.stg_cd
			LEFT JOIN brs.tb_cmn_cd c1 ON sci.edu_curs_year_cd = c1.cmn_cd and c1.up_cd = 'EDU_CURS_YEAR_CD'
			LEFT JOIN brs.tb_cmn_cd c2 ON sci.edu_curs_cd  = c2.cmn_cd and c2.up_cd = 'EDU_CURS_CD'
			LEFT JOIN brs.tb_cmn_cd c3 ON sci.unit_cd  = c3.cmn_cd and c3.up_cd = 'UNIT_CD'
		WHERE
			s.stg_cd = #{stg_cd}
		ORDER BY sci.edu_curs_year_cd ASC, sci.rgtn_dt DESC
	</select>
	
	<!-- 교육과정 등록 -->
	<insert id="insertCorse" parameterType="com.wjthinkbig.aimath.corse.vo.CorseVO">
		INSERT	/* Corse_BRS_Mapper.insertCorse(교육과정 등록) 19001861 */
		INTO brs.tb_cmn_stg_corse_info
			(stg_cd											/* 소주제코드 */
			, edu_curs_year_cd								/* 교육과정코드 */
			, edu_curs_cd									/* 학년학기코드 */
			, unit_cd										/* 단원코드 */
			, unit_nm										/* 단원명 */
			, rgtn_dt										/* 등록일시 */
    	   	, rgtn_user										/* 등록자ID */
		) VALUES (
			#{stgCd}										/* 소주제코드 */
			, #{eduCursYearCd}								/* 교육과정코드 */
			, #{eduCursCd}									/* 학년학기코드 */
			, #{unitCd}										/* 단원코드 */
			, #{unitNm}										/* 단원명 */
			, NOW()											/* 등록일시 */
    	   	, #{rgtnUser})									/* 등록자ID */
	</insert>
	
	<!-- 교육과정 수정 -->
	<update id="updateCorse" parameterType="com.wjthinkbig.aimath.corse.vo.CorseVO">
		UPDATE	/* Corse_BRS_Mapper.updateCorse(교육과정 수정) 19001861 */ brs.tb_cmn_stg_corse_info
		SET
			edu_curs_year_cd = #{eduCursYearCd}				/* 교육과정코드 */
			, edu_curs_cd = #{eduCursCd}					/* 학년학기코드 */
			, unit_cd = #{unitCd}							/* 단원코드 */
			, unit_nm = #{unitNm}							/* 단원명 */
			, mod_dt = NOW()								/* 수정일시 */
			, mod_user = #{modUser}							/* 수정자 */
		WHERE
			stg_corse_sno = #{stgCorseSno}					/* 소주제교과일련번호 */
			AND stg_cd = #{stgCd}							/* 소주제코드 */
	</update>
	
	<!-- 교육과정 삭제 -->
	<delete id="deleteCorse" parameterType="com.wjthinkbig.aimath.corse.vo.CorseVO">
		DELETE	/* Corse_BRS_Mapper.deleteCorse(교육과정 삭제) 19001861 */
		FROM brs.tb_cmn_stg_corse_info
		WHERE
			stg_corse_sno = #{stgCorseSno}					/* 소주제교과일련번호 */
			AND stg_cd = #{stgCd}							/* 소주제코드 */
	</delete>
</mapper>