<?xml version="1.0" encoding="UTF-8"?>
<!DOCTYPE mapper PUBLIC "-//mybatis.org//DTD Mapper 3.0//EN" "http://mybatis.org/dtd/mybatis-3-mapper.dtd">

<mapper namespace="com.wjthinkbig.aimath.lrn.cmn.service.dao.LrnCmnDao">
	
	<!-- 학습하기 공통 문항정보 조회 -->
	<select id="selectQstInfo" parameterType="com.wjthinkbig.aimath.lrn.cmn.vo.LrnCmnSearchVO" resultType="com.wjthinkbig.aimath.lrn.cmn.vo.LrnCmnVO">
		SELECT	/* Lrn_Cmn_BRS_Mapper.selectQstInfo(학습하기 공통 문항정보 조회) 19001861 */
			q.qst_cd as qstCd											/* 문항코드 */
			, q.stg_cd as stgCd											/* 소주제코드 */
			, q.font_size as fontSize									/* 폰트사이즈 */
			, q.qst_cransr as qstCransr									/* 정답 */
			, qm.qst_cn as qstCn										/* 문항내용 */
			, qm.text_cn as textCn										/* 지문내용 */
			, qm.exmp_cn as exmpCn										/* 보기내용 */
			, sm.stg_nm as stgNm										/* 소주제명 */
			, q.cransr_ty_scn_cd as cransrTyScnCd						/* 정답유형구분코드 */ 
			, q.qst_cransr as qstCransr									/* 문항정답 */
		FROM
			brs.tb_cmn_qst_wrtn_mngt qwm
			INNER JOIN brs.tb_cmn_qst q ON q.qst_cd = qwm.qst_cd
			INNER JOIN brs.tb_cmn_qst_meta qm ON qwm.qst_cd = qm.qst_cd AND qm.lang_cd = #{langCd}			/* 언어코드 */
			INNER JOIN brs.tb_cmn_stg s ON s.stg_cd = q.stg_cd
			INNER JOIN brs.tb_cmn_stg_meta sm ON sm.stg_cd = s.stg_cd AND sm.lang_cd = qm.lang_cd
		WHERE
			qwm.qst_cd = #{qstCd}																			/* 문항코드 */
			AND qwm.wrtn_sts_cd = 'WS05'
	</select>
	
	<!-- 주제학습 오답 수 조회 -->
	<select id="selectThmaWransrCnt" parameterType="com.wjthinkbig.aimath.lrn.cmn.vo.LrnCmnSearchVO" resultType="int">
		SELECT	/* Lrn_Cmn_BRS_Mapper.selectThmaWransrCnt(주제학습 오답 수 조회) 19001861 */
			COUNT(1) as cnt
		FROM
			brs.tb_lnr_thma_wransr
		WHERE
			lrn_mbr_id = #{lrnMbrId}		/* 학습회원ID */
			AND stg_cd = #{stgCd}			/* 소주제코드 */
			AND lrn_tme_sn = #{lrnTmeSn}	/* 학습회차순번 */
	</select>
	
	<!-- 개념메타 영상 URL 조회 -->
	<select id="selectCncpMeta" parameterType="com.wjthinkbig.aimath.lrn.cmn.vo.LrnCmnSearchVO" resultType="String">
		SELECT	/* Lrn_Cmn_BRS_Mapper.selectCncpMeta(개념메타 영상 URL 조회) 19001861 */
			sm.cncp_meta as cncpMeta
		FROM
			brs.tb_cmn_stg_meta sm
		WHERE
			sm.lang_cd = #{langCd}
			AND stg_cd = #{stgCd}
	</select>
	
	<!-- 코스학습 오답 수 조회 -->
	<select id="selectCousWransrCnt" parameterType="com.wjthinkbig.aimath.lrn.cmn.vo.LrnCmnSearchVO" resultType="int">
		SELECT	/* Lrn_Cmn_BRS_Mapper.selectCousWransrCnt(코스학습 오답 수 조회) 19001861 */
			COUNT(1) as cnt
		FROM
			brs.tb_lnr_cous_wransr
		WHERE
			lrn_mbr_id = #{lrnMbrId}		/* 학습회원ID */
			AND stg_cd = #{stgCd}			/* 소주제코드 */
			AND lrn_tme_sn = #{lrnTmeSn}	/* 학습회차순번 */
	</select>
	
	<!-- 코스학습 결과 정보 조회 -->
	<select id="selectLrnCousRes" parameterType="com.wjthinkbig.aimath.lrn.cmn.vo.LrnCmnResSearchVO" resultType="com.wjthinkbig.aimath.lrn.cmn.vo.LrnCmnResVO">
		SELECT	/* Lrn_Cmn_BRS_Mapper.selectLrnCousRes(코스학습 결과 정보 조회) 19001861 */
			stg_cd as stgCd											/* 소주제코드 */
			, stg_nm as stgNm										/* 소주제명 */
			, lrn_end_dt as lrnEndDt								/* 학습종료일시 */
			, lrn_prgs_sts_cd as lrnPrgsStsCd						/* 학습진행상태코드 */
			, drilldw_ct as drilldwCt								/* 드릴다운 횟수 */
			, tot_qst_ct as totQstCt								/* 총 문항 수 */
			, cransr_qst_ct as cransrQstCt							/* 정답 문항 수 */
			, wransr_qst_ct as wransrQstCt							/* 오답 문항 수 */
			, cransr_avg as cransrAvg								/* 정답률 */
			, expl_sped_cd as explSpedCd							/* 풀이 속도 코드 */
			, expl_sped_cd_nm as explSpedCdNm						/* 풀이 속도 코드명 */
			, lrn_tot_scond as lrnTotScond							/* 학습 총 소요시간 */
			, drilldw_qst_ct as drilldwQstCt						/* 드릴다운 문제 수 */
			, rcmn_sbthma_cd as rcmnSbthmaCd						/* 추천 소주제 코드 */
			, rcmn_sbthma_cd_nm as rcmnSbthmaCdNm					/* 추천 소주제 명 */
			, cncp_meta as cncpMeta									/* 개념메타 영상 URL */
			, drilldw_cncp_meta as drilldwCncpMeta					/* 드릴다운 개념메타 영상 URL */
		FROM
			(SELECT
				cesh.stg_cd
				, sm.stg_nm
				, cesh.lrn_end_dt
				, cesh.lrn_prgs_sts_cd
				, cesh.drilldw_ct
				, cesh.cransr_qst_ct
				, cesh.wransr_qst_ct
				, cesh.cransr_qst_ct + cesh.wransr_qst_ct as tot_qst_ct
				, TRUNC(100.0 / (cesh.cransr_qst_ct + cesh.wransr_qst_ct) * cesh.cransr_qst_ct) as cransr_avg
				, cesh.expl_sped_cd 
				, c.cd_nm as expl_sped_cd_nm
				, cesh.lrn_tot_scond 
				, cesh.drilldw_cransr_qst_ct + cesh.drilldw_wransr_qst_ct as drilldw_qst_ct
				, cesh.rcmn_sbthma_cd
				, sm1.stg_nm as rcmn_sbthma_cd_nm
				, sm.cncp_meta
				, sm2.cncp_meta as drilldw_cncp_meta
				, ROW_NUMBER() OVER(PARTITION BY cesh.stg_cd ORDER BY cesh.lrn_tme_sn DESC) rn
			FROM
				brs.tb_lnr_cous_enty_stg_hst cesh
				INNER JOIN brs.tb_cmn_stg_meta sm ON sm.stg_cd = cesh.stg_cd AND sm.lang_cd = #{langCd}				/* 언어코드 */
				INNER JOIN brs.tb_cmn_cd c ON c.cmn_cd = cesh.expl_sped_cd AND c.up_cd = 'EXPL_SPED_CD'
				LEFT JOIN brs.tb_cmn_stg_meta sm1 ON sm1.stg_cd = cesh.rcmn_sbthma_cd AND sm1.lang_cd = sm.lang_cd 
				LEFT JOIN brs.tb_cmn_stg_meta sm2 ON sm2.stg_cd = cesh.drilldw_stg_cd AND sm2.lang_cd = sm.lang_cd 
			WHERE
				cesh.lrn_mbr_id = #{lrnMbrId})t1			/* 학습회원ID */
		WHERE
			rn = 1
			AND stg_cd = #{stgCd}							/* 소주제코드 */
	</select>
	
	<!-- 주제학습 결과 정보 조회 -->
	<select id="selectLrnThmaRes" parameterType="com.wjthinkbig.aimath.lrn.cmn.vo.LrnCmnResSearchVO" resultType="com.wjthinkbig.aimath.lrn.cmn.vo.LrnCmnResVO">
		SELECT	/* Lrn_Cmn_BRS_Mapper.selectLrnThmaRes(주제학습 결과 정보 조회) 19001861 */
			stg_cd as stgCd											/* 소주제코드 */
			, stg_nm as stgNm										/* 소주제명 */
			, lrn_end_dt as lrnEndDt								/* 학습종료일시 */
			, lrn_prgs_sts_cd as lrnPrgsStsCd						/* 학습진행상태코드 */
			, drilldw_ct as drilldwCt								/* 드릴다운 횟수 */
			, tot_qst_ct as totQstCt								/* 총 문항 수 */
			, cransr_qst_ct as cransrQstCt							/* 정답 문항 수 */
			, wransr_qst_ct as wransrQstCt							/* 오답 문항 수 */
			, cransr_avg as cransrAvg								/* 정답률 */
			, expl_sped_cd as explSpedCd							/* 풀이 속도 코드 */
			, expl_sped_cd_nm as explSpedCdNm						/* 풀이 속도 코드명 */
			, lrn_tot_scond as lrnTotScond							/* 학습 총 소요시간 */
			, drilldw_qst_ct as drilldwQstCt						/* 드릴다운 문제 수 */
			, cncp_meta as cncpMeta									/* 개념메타 영상 URL */
			, drilldw_cncp_meta as drilldwCncpMeta					/* 드릴다운 개념메타 영상 URL */
		FROM
			(SELECT
				tesh.stg_cd
				, sm.stg_nm
				, tesh.lrn_end_dt
				, tesh.lrn_prgs_sts_cd
				, tesh.drilldw_ct
				, tesh.cransr_qst_ct
				, tesh.wransr_qst_ct
				, tesh.cransr_qst_ct + tesh.wransr_qst_ct as tot_qst_ct
				, TRUNC(100.0 / (tesh.cransr_qst_ct + tesh.wransr_qst_ct) * tesh.cransr_qst_ct) as cransr_avg
				, tesh.expl_sped_cd 
				, c.cd_nm as expl_sped_cd_nm
				, tesh.lrn_tot_scond 
				, tesh.drilldw_cransr_qst_ct + tesh.drilldw_wransr_qst_ct as drilldw_qst_ct
				, sm.cncp_meta
				, sm1.cncp_meta as drilldw_cncp_meta
				, ROW_NUMBER() OVER(PARTITION BY tesh.stg_cd ORDER BY tesh.lrn_tme_sn DESC) rn
			FROM
				brs.tb_lnr_cous_enty_stg_hst tesh
				INNER JOIN brs.tb_cmn_stg_meta sm ON sm.stg_cd = tesh.stg_cd AND sm.lang_cd = #{langCd}				/* 언어코드 */
				INNER JOIN brs.tb_cmn_cd c ON c.cmn_cd = tesh.expl_sped_cd AND c.up_cd = 'EXPL_SPED_CD'
				LEFT JOIN brs.tb_cmn_stg_meta sm1 ON sm1.stg_cd = tesh.drilldw_stg_cd AND sm1.lang_cd = sm.lang_cd 
			WHERE
				tesh.lrn_mbr_id = #{lrnMbrId})t1			/* 학습회원ID */
		WHERE
			rn = 1
			AND stg_cd = #{stgCd}							/* 소주제코드 */
	</select>
	
	<!-- 코스학습 결과 그래프 정보 조회 -->
	<select id="selectLrnCmnCousHstGraphInfoList" parameterType="com.wjthinkbig.aimath.lrn.cmn.vo.LrnCmnResSearchVO" resultType="com.wjthinkbig.aimath.lrn.cmn.vo.LrnCmnResVO">
		SELECT	/* Lrn_Cmn_BRS_Mapper.selectLrnCmnCousHstGraphInfoList(코스학습 결과 그래프 정보 조회) 19001861 */
			cesh.lrn_tot_scond as lrnTotScond
			, TRUNC(100.0 / (cesh.cransr_qst_ct + cesh.wransr_qst_ct) * cesh.cransr_qst_ct) as cransrAvg
			, cesh.lrn_prgs_sts_cd as lrnPrgsStsCd
			, c.cd_nm as lrnPrgsStsCdNm
		FROM
			brs.tb_lnr_cous_enty_stg_hst cesh
			INNER JOIN brs.tb_cmn_cd c ON cesh.lrn_prgs_sts_cd = c.cmn_cd AND c.up_cd = 'LRN_PRGS_STS_CD'
		WHERE
			cesh.lrn_mbr_id = #{lrnMbrId}		/* 학습회원ID */
			AND cesh.stg_cd = #{stgCd}			/* 소주제코드 */
		ORDER BY cesh.lrn_tme_sn
	</select>
	
	<!-- 주제학습 결과 그래프 정보 조회 -->
	<select id="selectLrnCmnThmaHstGraphInfoList" parameterType="com.wjthinkbig.aimath.lrn.cmn.vo.LrnCmnResSearchVO" resultType="com.wjthinkbig.aimath.lrn.cmn.vo.LrnCmnResVO">
		SELECT	/* Lrn_Cmn_BRS_Mapper.selectLrnCmnThmaHstGraphInfoList(주제학습 결과 그래프 정보 조회) 19001861 */
			tesh.lrn_tot_scond as lrnTotScond
			, TRUNC(100.0 / (tesh.cransr_qst_ct + tesh.wransr_qst_ct) * tesh.cransr_qst_ct) as cransrAvg
			, tesh.lrn_prgs_sts_cd as lrnPrgsStsCd
			, c.cd_nm as lrnPrgsStsCdNm
		FROM
			brs.tb_lnr_thma_enty_stg_hst tesh
			INNER JOIN brs.tb_cmn_cd c ON tesh.lrn_prgs_sts_cd = c.cmn_cd AND c.up_cd = 'LRN_PRGS_STS_CD'
		WHERE
			tesh.lrn_mbr_id = #{lrnMbrId}		/* 학습회원ID */
			AND tesh.stg_cd = #{stgCd}			/* 소주제코드 */
		ORDER BY tesh.lrn_tme_sn
	</select>
	
	<!-- 코스학습 오답 노트 리스트 -->
	<select id="selectLrnCmnCousWransrList" parameterType="com.wjthinkbig.aimath.lrn.cmn.vo.LrnWransrSearchVO" resultType="com.wjthinkbig.aimath.lrn.cmn.vo.LrnWransrVO">
		SELECT	/* Lrn_Cmn_BRS_Mapper.selectLrnCmnCousWransrList(코스학습 오답 노트 리스트) 19001861 */
			q.qst_cransr as qstCransr					/* 문항정답 */
			, qm.text_cn as textCn						/* 지문 */
			, qm.qst_cn as qstCn						/* 문항내용 */
			, cw.mbr_ansr as mbrAnsr					/* 회원답안 */
			, cw.drilldw_qst_yn as drilldwQstYn			/* 드릴다운문항여부 */
			, cw.cor_psble_qst_yn as corPsbleQstYn		/* 맞힐수있는데틀린문항여부 */
		FROM
			brs.tb_lnr_cous_wransr cw
			INNER JOIN 
				(SELECT
					MAX(cw1.lrn_tme_sn) as lrn_tme_sn
					, cw1.stg_cd
					, cw1.lrn_mbr_id
				FROM
					brs.tb_lnr_cous_wransr cw1
				WHERE
					cw1.lrn_mbr_id = #{lrnMbrId}		/* 학습회원ID */
				GROUP BY cw1.stg_cd, cw1.lrn_mbr_id) t1 ON cw.lrn_mbr_id = t1.lrn_mbr_id AND t1.stg_cd = cw.stg_cd AND cw.lrn_tme_sn = t1.lrn_tme_sn
			INNER JOIN brs.tb_cmn_qst q ON q.qst_cd = cw.qst_cd
			INNER JOIN brs.tb_cmn_qst_meta qm ON qm.qst_cd = cw.qst_cd AND qm.lang_cd = #{langCd}		/* 언어코드 */
		WHERE
			cw.stg_cd = #{stgCd}						/* 소주제코드 */
		ORDER BY cw.reg_dtm
	</select>
	
	<!-- 주제학습 오답 노트 리스트 -->
	<select id="selectLrnCmnThmaWransrList" parameterType="com.wjthinkbig.aimath.lrn.cmn.vo.LrnWransrSearchVO" resultType="com.wjthinkbig.aimath.lrn.cmn.vo.LrnWransrVO">
		SELECT	/* Lrn_Cmn_BRS_Mapper.selectLrnCmnThmaWransrList(주제학습 오답 노트 리스트) 19001861 */
			q.qst_cransr as qstCransr					/* 문항정답 */
			, qm.text_cn as textCn						/* 지문 */
			, qm.qst_cn as qstCn						/* 문항내용 */
			, tw.mbr_ansr as mbrAnsr					/* 회원답안 */
			, tw.drilldw_qst_yn as drilldwQstYn			/* 드릴다운문항여부 */
			, tw.cor_psble_qst_yn as corPsbleQstYn		/* 맞힐수있는데틀린문항여부 */
		FROM
			brs.tb_lnr_thma_wransr tw
			INNER JOIN 
				(SELECT
					MAX(tw1.lrn_tme_sn) as lrn_tme_sn
					, tw1.stg_cd
					, tw1.lrn_mbr_id
				FROM
					brs.tb_lnr_thma_wransr tw1
				WHERE
					tw1.lrn_mbr_id = #{lrnMbrId}		/* 학습회원ID */
				GROUP BY tw1.stg_cd, tw1.lrn_mbr_id) t1 ON tw.lrn_mbr_id = t1.lrn_mbr_id AND t1.stg_cd = tw.stg_cd AND tw.lrn_tme_sn = t1.lrn_tme_sn
			INNER JOIN brs.tb_cmn_qst q ON q.qst_cd = tw.qst_cd
			INNER JOIN brs.tb_cmn_qst_meta qm ON qm.qst_cd = tw.qst_cd AND qm.lang_cd = #{langCd}		/* 언어코드 */
		WHERE
			tw.stg_cd = #{stgCd}						/* 소주제코드 */
		ORDER BY tw.reg_dtm
	</select>
	
	<!-- 주제오답노트 등록 -->
	<insert id="insertThmaWransr" parameterType="com.wjthinkbig.aimath.lrn.cmn.vo.LrnWransrVO">
		INSERT	/* Lrn_Cmn_BRS_Mapper.insertThmaWransr(주제오답노트 등록) 19001861 */
		INTO brs.tb_lnr_thma_wransr
			(lrn_mbr_id						/* 학습회원ID */
			, stg_cd						/* 소주제코드 */
			, lrn_tme_sn					/* 학습회차순번 */
			, qst_cd						/* 문항코드 */
			, mbr_ansr						/* 회원답안 */
			, cor_psble_qst_yn				/* 맞힐수있는데 틀린 문항여부 */
			, drilldw_qst_yn				/* 드릴다운 문항 여부 */
			, reg_dtm						/* 등록일시 */
			, reg_user						/* 등록자 */
			, mod_dtm						/* 수정일시 */
			, mod_user)						/* 수정자 */
		VALUES
			(#{lrnMbrId}					/* 학습회원ID */
			, #{stgCd}						/* 소주제코드 */
			, #{lrnTmeSn}					/* 학습회차순번 */
			, #{qstCd}						/* 문항코드 */
			, #{mbrAnsr}					/* 회원답안 */
			, #{corPsbleQstYn}				/* 맞힐수있는데 틀린 문항여부 */
			, #{drilldwQstYn}				/* 드릴다운 문항 여부 */
			, NOW()							/* 등록일시 */
			, #{rgtnUser}					/* 등록자 */
			, NOW()							/* 수정일시 */
			, #{rgtnUser})					/* 수정자 */
	</insert>
	
	<!-- 코스오답노트 등록 -->
	<insert id="insertCousWransr" parameterType="com.wjthinkbig.aimath.lrn.cmn.vo.LrnWransrVO">
		INSERT	/* Lrn_Cmn_BRS_Mapper.insertCousWransr(코스오답노트 등록) 19001861 */
		INTO brs.tb_lnr_cous_wransr
			(lrn_mbr_id						/* 학습회원ID */
			, stg_cd						/* 소주제코드 */
			, lrn_tme_sn					/* 학습회차순번 */
			, qst_cd						/* 문항코드 */
			, mbr_ansr						/* 회원답안 */
			, cor_psble_qst_yn				/* 맞힐수있는데 틀린 문항여부 */
			, drilldw_qst_yn				/* 드릴다운 문항 여부 */
			, reg_dtm						/* 등록일시 */
			, reg_user						/* 등록자 */
			, mod_dtm						/* 수정일시 */
			, mod_user)						/* 수정자 */
		VALUES
			(#{lrnMbrId}					/* 학습회원ID */
			, #{stgCd}						/* 소주제코드 */
			, #{lrnTmeSn}					/* 학습회차순번 */
			, #{qstCd}						/* 문항코드 */
			, #{mbrAnsr}					/* 회원답안 */
			, #{corPsbleQstYn}				/* 맞힐수있는데 틀린 문항여부 */
			, #{drilldwQstYn}				/* 드릴다운 문항 여부 */
			, NOW()							/* 등록일시 */
			, #{rgtnUser}					/* 등록자 */
			, NOW()							/* 수정일시 */
			, #{rgtnUser})					/* 수정자 */
	</insert>
	
	<!-- 주제학습 결과 이력 등록 -->
	<insert id="insertThmaStgHst" parameterType="com.wjthinkbig.aimath.lrn.cmn.vo.LrnCmnVO">
		INSERT	/* Lrn_Cmn_BRS_Mapper.insertThmaStgHst(주제학습 결과 이력 등록) 19001861 */
		INTO brs.tb_lnr_thma_enty_stg_hst
			(lrn_mbr_id						/* 학습회원ID */
			, stg_cd						/* 소주제코드 */
			, lrn_tme_sn					/* 학습회차순번 */
			, lrn_prgs_sts_cd				/* 학습진행상태코드 */
			, expl_sped_cd					/* 풀이속도코드 */
			, lrn_bgn_dt					/* 학습시작일시 */
			, lrn_end_dt					/* 학습종료일시 */
			, lrn_tot_scond					/* 학습총소요시간 */
			, drilldw_stg_cd				/* 드릴다운소주제코드 */
			, cransr_qst_ct					/* 정답문항수 */
			, wransr_qst_ct					/* 오답문항수 */
			, drilldw_cransr_qst_ct			/* 드릴다운정답문항수 */
			, drilldw_wransr_qst_ct			/* 드릴다운오답문항수 */
			, drilldw_ct					/* 드릴다운수 */
			, ai_prdcn_qst_ct				/* AI예측문항수 */
			, rgtn_dt						/* 등록일시 */
			, rgtn_user						/* 등록자 */
			, mod_dt						/* 수정일시 */
			, mod_user)						/* 수정자 */
		VALUES
			(#{lrnMbrId}					/* 학습회원ID */
			, #{stgCd}						/* 소주제코드 */
			, #{lrnTmeSn}					/* 학습회차순번 */
			, #{lrnPrgsStsCd}				/* 학습진행상태코드 */
			, #{explSpedCd}					/* 풀이속도코드 */
			, #{lrnBgnDt}					/* 학습시작일시 */
			, #{lrnEndDt}					/* 학습종료일시 */
			, #{lrnTotScond}				/* 학습총소요시간 */
			, #{drilldwStgCd}				/* 드릴다운소주제코드 */
			, #{cransrQstCt}				/* 정답문항수 */
			, #{wransrQstCt}				/* 오답문항수 */
			, #{drilldwCransrQstCt}			/* 드릴다운정답문항수 */
			, #{drilldwWransrQstCt}			/* 드릴다운오답문항수 */
			, #{drilldwCt}					/* 드릴다운수 */
			, #{aiPrdcnQstCt}				/* AI예측문항수 */
			, NOW()							/* 등록일시 */
			, #{rgtnUser}					/* 등록자 */
			, NOW()							/* 수정일시 */
			, #{rgtnUser})					/* 수정자 */
	</insert>
	
	<!-- 코스학습 결과 이력 등록 -->
	<insert id="insertCousStgHst" parameterType="com.wjthinkbig.aimath.lrn.cmn.vo.LrnCmnVO">
		INSERT	/* Lrn_Cmn_BRS_Mapper.insertThmaStgHst(주제학습 결과 이력 등록) 19001861 */
		INTO brs.tb_lnr_cous_enty_stg_hst
			(lrn_mbr_id						/* 학습회원ID */
			, stg_cd						/* 소주제코드 */
			, lrn_tme_sn					/* 학습회차순번 */
			, lrn_prgs_sts_cd				/* 학습진행상태코드 */
			, expl_sped_cd					/* 풀이속도코드 */
			, lrn_bgn_dt					/* 학습시작일시 */
			, lrn_end_dt					/* 학습종료일시 */
			, lrn_tot_scond					/* 학습총소요시간 */
			, drilldw_stg_cd				/* 드릴다운소주제코드 */
			, cransr_qst_ct					/* 정답문항수 */
			, wransr_qst_ct					/* 오답문항수 */
			, drilldw_cransr_qst_ct			/* 드릴다운정답문항수 */
			, drilldw_wransr_qst_ct			/* 드릴다운오답문항수 */
			, drilldw_ct					/* 드릴다운수 */
			, ai_prdcn_qst_ct				/* AI예측문항수 */
			, rcmn_sbthma_cd				/* 추천소주제코드 */
			, rgtn_dt						/* 등록일시 */
			, rgtn_user						/* 등록자 */
			, mod_dt						/* 수정일시 */
			, mod_user)						/* 수정자 */
		VALUES
			(#{lrnMbrId}					/* 학습회원ID */
			, #{stgCd}						/* 소주제코드 */
			, #{lrnTmeSn}					/* 학습회차순번 */
			, #{lrnPrgsStsCd}				/* 학습진행상태코드 */
			, #{explSpedCd}					/* 풀이속도코드 */
			, #{lrnBgnDt}					/* 학습시작일시 */
			, #{lrnEndDt}					/* 학습종료일시 */
			, #{lrnTotScond}				/* 학습총소요시간 */
			, #{drilldwStgCd}				/* 드릴다운소주제코드 */
			, #{cransrQstCt}				/* 정답문항수 */
			, #{wransrQstCt}				/* 오답문항수 */
			, #{drilldwCransrQstCt}			/* 드릴다운정답문항수 */
			, #{drilldwWransrQstCt}			/* 드릴다운오답문항수 */
			, #{drilldwCt}					/* 드릴다운수 */
			, #{aiPrdcnQstCt}				/* AI예측문항수 */
			, #{rcmnSbthmaCd}				/* 추천소주제코드 */
			, NOW()							/* 등록일시 */
			, #{rgtnUser}					/* 등록자 */
			, NOW()							/* 수정일시 */
			, #{rgtnUser})					/* 수정자 */
	</insert>
	
	<!-- 주제학습 오답노트 즁간 종료시 데이터 삭제 -->
	<delete id="deleteThmaWransr" parameterType="com.wjthinkbig.aimath.lrn.cmn.vo.LrnWransrVO">
		DELETE	/* Lrn_Cmn_BRS_Mapper.deleteThmaWransr(주제학습 오답노트 즁간 종료시 데이터 삭제) 19001861 */
		FROM
			brs.tb_lnr_thma_wransr
		WHERE
			lrn_mbr_id = #{lrnMbrId}		/* 학습회원ID */
			AND stg_cd = #{stgCd}			/* 소주제코드 */
			AND lrn_tme_sn = #{lrnTmeSn}		/* 학습회차순번 */
	</delete>
	
	<!-- 코스학습 오답노트 즁간 종료시 데이터 삭제 -->
	<delete id="deleteCousWransr" parameterType="com.wjthinkbig.aimath.lrn.cmn.vo.LrnWransrVO">
		DELETE	/* Lrn_Cmn_BRS_Mapper.deleteCousWransr(코스학습 오답노트 즁간 종료시 데이터 삭제) 19001861 */
		FROM
			brs.tb_lnr_cous_wransr
		WHERE
			lrn_mbr_id = #{lrnMbrId}		/* 학습회원ID */
			AND stg_cd = #{stgCd}			/* 소주제코드 */
			AND lrn_tme_sn = #{lrnTmeSn}		/* 학습회차순번 */
	</delete>
	
</mapper>