<?xml version="1.0" encoding="UTF-8"?>
<!DOCTYPE mapper PUBLIC "-//mybatis.org//DTD Mapper 3.0//EN" "http://mybatis.org/dtd/mybatis-3-mapper.dtd">

<mapper namespace="com.wjthinkbig.aimath.qst.service.dao.QstDao">
	
	<!-- 커리큘럼 문항 전체 리스트 조회 -->
	<select id="selectQstList" parameterType="com.wjthinkbig.aimath.qst.vo.QstSearchVO" resultType="com.wjthinkbig.aimath.qst.vo.QstVO">	
		SELECT	/* Qst_BRS_Mapper.selectQstList(커리큘럼 문항 전체 리스트 조회) 19001861 */
			qwm.qst_cd as qstCd							/* 문항코드 */
			, qm.qst_cn as qstCn						/* 문항내용 */
			, qwm.stg_cd as stgCd						/* 스테이지코드 */
			, qwm.wrtn_sts_cd as wrtnStsCd				/* 저작상태코드 */
			, c.cd_nm as wrtnStsNm						/* 저작상태코드명 */
			, qm.text_cn as textCn						/* 지문 */
			, (SELECT
				ARRAY_TO_STRING(ARRAY_AGG(c2.cd_nm ORDER BY qm2.rgtn_dt ASC), ', ')
			FROM
				brs.tb_cmn_qst_meta qm2
				INNER JOIN brs.tb_cmn_cd c2 ON qm2.lang_cd = c2.cmn_cd AND c2.up_cd = 'LANG_CD'
			WHERE qm2.qst_cd = qwm.qst_cd) as langText	/* 등록언어 */
			, q.rgtn_user as rgtnUser					/* 등록자 */
			, q.rgtn_dt as rgtnDt						/* 등록일 */
		FROM 
			brs.tb_cmn_qst_wrtn_mngt qwm
			LEFT JOIN brs.tb_cmn_qst q ON q.qst_cd = qwm.qst_cd
			LEFT JOIN brs.tb_cmn_qst_meta qm ON qm.qst_cd = qwm.qst_cd AND qm.lang_cd = #{langCd}		/* 언어코드 */
			INNER JOIN brs.tb_cmn_cd c ON qwm.wrtn_sts_cd = c.cmn_cd AND c.up_cd = 'WRTN_STS_CD'
		<where>
			<if test='stgCd != null and !"".equals(stgCd)'>
				AND qwm.stg_cd = #{stgCd}				/* 소주제 코드 */
			</if>
			<if test='srchTxt != null and !"".equals(srchTxt)'>
				<choose>
					<when test='"CODE".equals(srchTy)'>
						AND qwm.qst_cd = #{srchTxt}		/* 검색어 */
					</when>
					<when test='"CN".equals(srchTy)'>
						AND qm.text_cn LIKE '%' || #{srchTxt} || '%'	/* 검색어 */
					</when>
					<when test='"USER".equals(srchTy)'>
						AND q.rgtn_user = #{srchTxt}	/* 검색어 */
					</when>
					<when test='"ALL".equals(srchTy)'>
						AND (qwm.qst_cd = #{srchTxt} OR qm.text_cn LIKE '%' || #{srchTxt} || '%' OR q.rgtn_user = #{srchTxt})	/* 검색어 */
					</when>
				</choose>
			</if>
			<if test='wrtnStsCd != null and !"".equals(wrtnStsCd)'>
				AND qwm.wrtn_sts_cd = #{wrtnStsCd}		/* 저작상태 코드 */
			</if>
		</where>
		ORDER BY qwm.qst_cd
		LIMIT #{rowCnt} OFFSET #{rowCnt} * (#{currentPage} - 1)		/* rowCnt(한페이지에 보여질 리스트 수) currentPage(현재페이지) */
	</select>
	
	<!-- 커리큘럼 문항 전체 리스트 수 조회 -->
	<select id="selectQstCount" parameterType="com.wjthinkbig.aimath.qst.vo.QstSearchVO" resultType="int">	
		SELECT	/* Qst_BRS_Mapper.selectQstCount(커리큘럼 문항 전체 리스트 수 조회) 19001861 */
			COUNT(1) as cnt
		FROM 
			brs.tb_cmn_qst_wrtn_mngt qwm
			LEFT JOIN brs.tb_cmn_qst q ON q.qst_cd = qwm.qst_cd
			INNER JOIN brs.tb_cmn_cd c ON qwm.wrtn_sts_cd = c.cmn_cd AND c.up_cd = 'WRTN_STS_CD'
		<where>
			<if test='stgCd != null and !"".equals(stgCd)'>
				AND qwm.stg_cd = #{stgCd}				/* 소주제코드 */
			</if>
		</where>
	</select>
	
	<!-- 커리큘럼 문항 전체 리스트 수 조회 (검색 조건 적용) -->
	<select id="selectQstListCount" parameterType="com.wjthinkbig.aimath.qst.vo.QstSearchVO" resultType="int">	
		SELECT	/* Qst_BRS_Mapper.selectQstListCount(커리큘럼 문항 전체 리스트 수 조회 (검색 조건 적용)) 19001861 */
			COUNT(1) as cnt
		FROM 
			brs.tb_cmn_qst_wrtn_mngt qwm
			LEFT JOIN brs.tb_cmn_qst q ON q.qst_cd = qwm.qst_cd
			LEFT JOIN brs.tb_cmn_qst_meta qm ON qm.qst_cd = qwm.qst_cd AND qm.lang_cd = #{langCd}		/* 언어코드 */
			INNER JOIN brs.tb_cmn_cd c ON qwm.wrtn_sts_cd = c.cmn_cd AND c.up_cd = 'WRTN_STS_CD'
		<where>
			<if test='stgCd != null and !"".equals(stgCd)'>
				AND qwm.stg_cd = #{stgCd}				/* 소주제 코드 */
			</if>
			<if test='srchTxt != null and !"".equals(srchTxt)'>
				<choose>
					<when test='"CODE".equals(srchTy)'>
						AND qwm.qst_cd = #{srchTxt}		/* 검색어 */
					</when>
					<when test='"CN".equals(srchTy)'>
						AND qm.text_cn LIKE '%' || #{srchTxt} || '%'	/* 검색어 */
					</when>
					<when test='"USER".equals(srchTy)'>
						AND q.rgtn_user = #{srchTxt}	/* 검색어 */
					</when>
					<when test='"ALL".equals(srchTy)'>
						AND (qwm.qst_cd = #{srchTxt} OR qm.text_cn LIKE '%' || #{srchTxt} || '%' OR q.rgtn_user = #{srchTxt})	/* 검색어 */
					</when>
				</choose>
			</if>
			<if test='wrtnStsCd != null and !"".equals(wrtnStsCd)'>
				AND qwm.wrtn_sts_cd = #{wrtnStsCd}		/* 저작상태 코드 */
			</if>
		</where>
	</select>
	
	<!-- 커리큘럼 문항 단일 조회 -->
	<select id="selectQst" parameterType="com.wjthinkbig.aimath.qst.vo.QstSearchVO" resultType="com.wjthinkbig.aimath.qst.vo.QstVO">	
		SELECT	/* Qst_BRS_Mapper.selectQst(커리큘럼 문항 단일 조회) 19001861 */
			qwm.qst_cd as qstCd							/* 문항코드 */
			, qm.qst_cn as qstCn						/* 문항내용 */
			, qwm.stg_cd as stgCd						/* 스테이지코드 */
			, qwm.wrtn_sts_cd as wrtnStsCd				/* 저작상태코드 */
			, c.cd_nm as wrtnStsNm						/* 저작상태코드명 */
			, qm.text_cn as textCn						/* 지문 */
			, qm.exmp_cn as exmpCn						/* 보기내용 */
			, q.cransr_ty_scn_cd as cransrTyScnCd		/* 정답유형코드 */
			, q.qst_cransr as qstCransr					/* 문항정답 */
			, q.wransr_ty_scn_cd as wransrTyScnCd		/* 오답유형구분코드 */
			, q.font_size as fontSize					/* 폰트크기 */
			, q.rgtn_user as rgtnUser					/* 등록자 */
			, q.rgtn_dt as rgtnDt						/* 등록일 */
		FROM 
			brs.tb_cmn_qst_wrtn_mngt qwm
			LEFT JOIN brs.tb_cmn_qst q ON q.qst_cd = qwm.qst_cd
			LEFT JOIN brs.tb_cmn_qst_meta qm ON qm.qst_cd = qwm.qst_cd AND qm.lang_cd = #{langCd}	/* 언어코드 */
			INNER JOIN brs.tb_cmn_cd c ON qwm.wrtn_sts_cd = c.cmn_cd AND c.up_cd = 'WRTN_STS_CD'
		WHERE
			qwm.qst_cd = #{qstCd}					/* 문항 코드 */
	</select>
	
	<!-- 커리큘럼 문항 단일 조회 -->
	<select id="selectQstById" parameterType="String" resultType="com.wjthinkbig.aimath.qst.vo.QstVO">	
		SELECT	/* Qst_BRS_Mapper.selectQstById(커리큘럼 문항 단일 조회) 19001861 */
			qwm.qst_cd as qstCd							/* 문항코드 */
			, qwm.stg_cd as stgCd						/* 스테이지코드 */
			, qwm.wrtn_sts_cd as wrtnStsCd				/* 저작상태코드 */
			, c.cd_nm as wrtnStsNm						/* 저작상태코드명 */
			, q.cransr_ty_scn_cd as cransrTyScnCd		/* 정답유형코드 */
			, q.qst_cransr as qstCransr					/* 문항정답 */
			, q.wransr_ty_scn_cd as wransrTyScnCd		/* 오답유형구분코드 */
			, q.font_size as fontSize					/* 폰트크기 */
			, q.rgtn_user as rgtnUser					/* 등록자 */
			, q.rgtn_dt as rgtnDt						/* 등록일 */
		FROM 
			brs.tb_cmn_qst_wrtn_mngt qwm
			LEFT JOIN brs.tb_cmn_qst q ON q.qst_cd = qwm.qst_cd
			INNER JOIN brs.tb_cmn_cd c ON qwm.wrtn_sts_cd = c.cmn_cd AND c.up_cd = 'WRTN_STS_CD'
		WHERE
			qwm.qst_cd = #{qstCd}					/* 문항 코드 */
	</select>
	
	<select id="selectQstMetaList" parameterType="String" resultType="com.wjthinkbig.aimath.qst.vo.QstMetaVO">
		SELECT	/* Qst_BRS_Mapper.selectQstMetaList(커리큘럼 문항 상세정보 언어별 조회) 19001861 */
			qst_cd as qstCd							/* 문항코드 */
			, lang_cd as langCd						/* 언어코드 */
			, qst_cn as qstCn						/* 문항내용 */
			, text_cn as textCn						/* 지문 */
			, exmp_cn as exmpCn						/* 보기내용 */
			, rgtn_user as rgtnUser					/* 등록자 */
			, rgtn_dt as rgtnDt						/* 등록일 */
		FROM 
			brs.tb_cmn_qst_meta
		WHERE
			qst_cd = #{qstCd}						/* 문항 코드 */
		ORDER BY rgtn_dt
	</select>
	
	<!-- 커리큘럼 문항의 오답 리스트 조회(언어코드 필수) -->
	<select id="selectQstWransrCrseList" parameterType="com.wjthinkbig.aimath.qst.vo.QstWransrCrseSearchVO" resultType="com.wjthinkbig.aimath.qst.vo.QstWransrCrseVO">
		SELECT	/* Qst_BRS_Mapper.selectQstWransrCrseList(커리큘럼 문항의 오답 리스트 조회(언어코드 필수)) 19001861 */
			qwc.wransr_ty_cd as wransrTyCd					/* 오답유형코드 */
			, qwcm.wransr_ty_cn as wransrTyCn				/* 오답유형내용 */
			, qwc.wransr									/* 오답 */
			, qwc.stg_cd as stgCd							/* 스테이지코드 */
			, qwc.qst_cd as qstCd							/* 문항코드 */
		FROM
			brs.tb_cmn_qst_wransr_crse qwc
			INNER JOIN brs.tb_cmn_qst_wransr_crse_meta qwcm ON qwc.qst_cd = qwcm.qst_cd AND lang_cd = #{langCd}
		WHERE
			qwc.qst_cd = #{qstCd}							/* 문항코드 */
		ORDER BY qwc.wransr_ty_cd
	</select>
	
	<!-- 커리큘럼 문항의 오답 리스트 조회 -->
	<select id="selectQstWransrCrseListById" parameterType="String" resultType="com.wjthinkbig.aimath.qst.vo.QstWransrCrseVO">
		SELECT	/* Qst_BRS_Mapper.selectQstWransrCrseListById(커리큘럼 문항의 오답 리스트 조회) 19001861 */
			qwc.wransr_ty_cd as wransrTyCd					/* 오답유형코드 */
			, qwc.wransr									/* 오답 */
			, qwc.stg_cd as stgCd							/* 스테이지코드 */
			, qwc.qst_cd as qstCd							/* 문항코드 */
		FROM
			brs.tb_cmn_qst_wransr_crse qwc
		WHERE
			qwc.qst_cd = #{qstCd}							/* 문항코드 */
		ORDER BY qwc.wransr_ty_cd
	</select>
	
	<!-- 커리큘럼 문항의 오답 메타 리스트 조회 -->
	<select id="selectQstWransrCrseMetaList" parameterType="com.wjthinkbig.aimath.qst.vo.QstWransrCrseSearchVO" resultType="com.wjthinkbig.aimath.qst.vo.QstWransrCrseMetaVO">
		SELECT	/* Qst_BRS_Mapper.selectQstWransrCrseMetaList(커리큘럼 문항의 오답 메타 리스트 조회) 19001861 */
			wransr_ty_cd as wransrTyCd					/* 오답유형코드 */
			, wransr_ty_cn as wransrTyCn				/* 오답유형내용 */
			, lang_cd as langCd							/* 언어코드 */
			, qst_cd as qstCd							/* 문항코드 */
		FROM
			brs.tb_cmn_qst_wransr_crse_meta
		WHERE
			qst_cd = #{qstCd}							/* 문항코드 */
			AND wransr_ty_cd = #{wransrTyCd}				/* 오답유형코드 */
		ORDER BY wransr_ty_cd
	</select>
	
	<!-- 커리큘럼 문항코드 중복체크 -->
	<select id="selectQstCdDplctCeck" parameterType="string" resultType="int">	
		SELECT	/* Qst_BRS_Mapper.selectQstCdDplctCeck(커리큘럼 문항코드 중복체크) 19001861 */
			COUNT(1) as cnt
		FROM brs.tb_cmn_qst_wrtn_mngt
		WHERE qst_cd = #{qst_cd}						/* 문항코드 */
	</select>
	
	<!-- 커리큘럼 문항코드 메인 테이블 존재 여부 체크 -->
	<select id="selectQstCdDplctCeckByQst" parameterType="string" resultType="int">	
		SELECT	/* Qst_BRS_Mapper.selectQstCdDplctCeckByQst(커리큘럼 문항코드 메인 테이블 존재 여부 체크) 19001861 */
			COUNT(1) as cnt
		FROM brs.tb_cmn_qst
		WHERE qst_cd = #{qst_cd}						/* 문항코드 */
	</select>
	
	<!-- 커리큘럼 문항 등록 -->
	<insert id="insertQst" parameterType="com.wjthinkbig.aimath.qst.vo.QstVO">
    	INSERT	/* Qst_BRS_Mapper.insertQst(커리큘럼 문항 등록) 19001861 */
    	INTO brs.tb_cmn_qst
    		(qst_cd										/* 문항코드 */
    		, stg_cd									/* 소주제코드 */
    		, qst_cransr								/* 문항정답 */
    		, esntl_qst_yn								/* 필수문항 여부 */
    		, wransr_ty_scn_cd							/* 오답유형 구분 코드 */
    		, cransr_ty_scn_cd							/* 정답유형 구분 코드 */
    		, font_size									/* 폰트크기 */
    		, rgtn_dt									/* 등록일시 */
    		, rgtn_user)								/* 등록자 */
    	VALUES
    		(#{qstCd}									/* 문항코드 */
    		, #{stgCd}									/* 소주제코드 */
    		, #{qstCransr}								/* 문항정답 */
    		, #{esntlQstYn}								/* 필수문항 여부 */
    		, #{wransrTyScnCd}							/* 오답유형 구분 코드 */
    		, #{cransrTyScnCd}							/* 정답유형 구분 코드 */
    		, #{fontSize}								/* 폰트크기 */
    		, NOW()										/* 등록일시 */
    		, #{rgtnUser})								/* 등록자 */
	</insert>
	
	<!-- 커리큘럼 문항 메타 등록 -->
	<insert id="insertQstMeta" parameterType="com.wjthinkbig.aimath.qst.vo.QstMetaVO">
    	INSERT	/* Qst_BRS_Mapper.insertQstMeta(커리큘럼 문항 메타 등록) 19001861 */
    	INTO brs.tb_cmn_qst_meta
    		(qst_cd										/* 문항코드 */
    		, lang_cd									/* 언어코드 */
    		, qst_cn									/* 문항내용 */
    		<if test='exmpCn != null and !"".equals(exmpCn)'>
    			, exmp_cn								/* 보기내용 */
    		</if>
    		, text_cn									/* 지문 */
    		, rgtn_dt									/* 등록일시 */
    		, rgtn_user)								/* 등록자 */
    	VALUES
    		(#{qstCd}									/* 문항코드 */
    		, #{langCd}									/* 언어코드 */
    		, #{qstCn}									/* 문항내용 */
    		<if test='exmpCn != null and !"".equals(exmpCn)'>
    			, #{exmpCn}								/* 보기내용 */
    		</if>
    		, #{textCn}									/* 지문 */
    		, NOW()										/* 등록일시 */
    		, #{rgtnUser})								/* 등록자 */
	</insert>
	
	<!-- 커리큘럼 문항 오답 등록 -->
	<insert id="insertQstWransrCrse" parameterType="com.wjthinkbig.aimath.qst.vo.QstWransrCrseVO">
    	INSERT	/* Qst_BRS_Mapper.insertQstWransrCrse(커리큘럼 문항 오답 등록) 19001861 */
    	INTO brs.tb_cmn_qst_wransr_crse
    		(qst_cd										/* 문항코드 */
    		, wransr_ty_cd								/* 오답유형코드 */
    		, wransr									/* 오답 */
    		, stg_cd									/* 소주제코드 */
    		, rgtn_dt									/* 등록일시 */
    		, rgtn_user)								/* 등록자 */
    	VALUES 
    		(#{qstCd}									/* 문항코드 */
    		, #{wransrTyCd}								/* 오답유형코드 */
    		, #{wransr}									/* 오답 */
    		, #{stgCd}									/* 소주제코드 */
    		, NOW()										/* 등록일시 */
    		, #{rgtnUser})								/* 등록자 */
	</insert>
	
	<!-- 커리큘럼 문항 오답 원인 등록 -->
	<insert id="insertQstWransrCrseMeta" parameterType="com.wjthinkbig.aimath.qst.vo.QstWransrCrseMetaVO">
    	INSERT	/* Qst_BRS_Mapper.insertQstWransrCrseMeta(커리큘럼 문항 오답 원인 등록) 19001861 */
    	INTO brs.tb_cmn_qst_wransr_crse_meta
    		(qst_cd										/* 문항코드 */
    		, lang_cd									/* 언어코드 */
    		, wransr_ty_cd								/* 오답유형코드 */
    		, wransr_ty_cn								/* 오답유형내용(원인) */
    		, rgtn_dt									/* 등록일시 */
    		, rgtn_user)								/* 등록자 */
    	VALUES 
    		(#{qstCd}									/* 문항코드 */
    		, #{langCd}									/* 언어코드 */
    		, #{wransrTyCd}								/* 오답유형코드 */
    		, #{wransrTyCn}								/* 오답유형내용(원인) */
    		, NOW()										/* 등록일시 */
    		, #{rgtnUser})								/* 등록자 */
	</insert>
	
	<!-- 커리큘럼 문항 저작상태 등록 -->
	<insert id="insertQstWrtnMngt" parameterType="com.wjthinkbig.aimath.qst.vo.QstWrtnMngtVO">
    	INSERT	/* Qst_BRS_Mapper.insertQstWrtnMngt(커리큘럼 문항 저작상태 등록) 19001861 */
    	INTO brs.tb_cmn_qst_wrtn_mngt
    		(qst_cd										/* 문항코드 */
    		, stg_cd									/* 소주제코드 */
    		, wrtn_sts_cd								/* 저작상태코드 */
    		, rgtn_dt									/* 등록일 */
    		, rgtn_user)								/* 등록자 */
    	VALUES 
    		(#{qstCd}									/* 문항코드 */
    		, #{stgCd}									/* 소주제코드 */
    		, #{wrtnStsCd}								/* 저작상태코드 */
    		, NOW()										/* 등록일시 */
    		, #{rgtnUser})								/* 등록자 */
	</insert>
	
	<!-- 커리큘럼 문항 수정 -->
	<update id="updateQst" parameterType="com.wjthinkbig.aimath.qst.vo.QstVO">
		UPDATE	/* Qst_BRS_Mapper.updateQst(커리큘럼 문항 수정) 19001861 */ brs.tb_cmn_qst
		SET
			qst_cransr = #{qstCransr},					/* 문항정답 */
			esntl_qst_yn = #{esntlQstYn},				/* 필수문항 여부 */
			wransr_ty_scn_cd = #{wransrTyScnCd},		/* 오답유형구분코드 */
			cransr_ty_scn_cd = #{cransrTyScnCd},		/* 정답유형구분코드 */
			font_size = #{fontSize},					/* 폰트크기 */
			mod_dt = NOW(),								/* 수정일시 */
			mod_user = #{modUser}						/* 수정자 */
		WHERE
			qst_cd = #{qstCd}							/* 문항코드 */
	</update>
	
	<!-- 커리큘럼 문항 저작상태 수정 -->
	<update id="updateQstWrtnMngt" parameterType="com.wjthinkbig.aimath.qst.vo.QstWrtnMngtVO">
		UPDATE	/* Qst_BRS_Mapper.updateQstWrtnMngt(커리큘럼 문항 저작상태 수정) 19001861 */ brs.tb_cmn_qst_wrtn_mngt
		SET
			<if test='wrtnStsCd != null and !"".equals(wrtnStsCd)'>
				wrtn_sts_cd = #{wrtnStsCd},				/* 문항저작상태코드 */
				<if test='"WS01".equals(wrtnStsCd)'>
					firs_isp_user = #{modUser},			/* 수정자 */
					firs_isp_dt = NOW(),				/* 수정일시 */
				</if>
				<if test='"WS02".equals(wrtnStsCd)'>
					scnd_isp_user = #{modUser},			/* 수정자 */
					scnd_isp_dt = NOW(),				/* 수정일시 */
				</if>
				<if test='"WS03".equals(wrtnStsCd)'>
					thrd_isp_user = #{modUser},			/* 수정자 */
					thrd_isp_dt = NOW(),				/* 수정일시 */
				</if>
				<if test='"WS05".equals(wrtnStsCd)'>
					open_yn = 'Y',
				</if>
			</if>
			mod_dt = NOW(),								/* 수정일시 */
			mod_user = #{modUser}						/* 수정자 */
		WHERE
			qst_cd = #{qstCd}							/* 문항코드 */
	</update>
	
	<!-- 문항 테이블 소주제코드 변경 -->
	<update id="updateQstChngeStgCd" parameterType="com.wjthinkbig.aimath.qst.vo.QstVO">
		UPDATE	/* Qst_BRS_Mapper.updateQstChngeStgCd(문항 테이블 소주제코드 변경) 19001861 */ brs.tb_cmn_qst
		SET
			stg_cd = #{stgCd},							/* 소주제코드 */
			mod_dt = NOW(),								/* 수정일시 */
			mod_user = #{modUser}						/* 수정자 */
		WHERE
			qst_cd = #{qstCd}							/* 문항코드 */
	</update>
	
	<!-- 문항 저작 테이블 소주제코드 변경 -->
	<update id="updateQstWrtnMngtChngeStgCd" parameterType="com.wjthinkbig.aimath.qst.vo.QstWrtnMngtVO">
		UPDATE	/* Qst_BRS_Mapper.updateQstWrtnMngtChngeStgCd(문항 저작 테이블 소주제코드 변경) 19001861 */ brs.tb_cmn_qst_wrtn_mngt
		SET
			stg_cd = #{stgCd},							/* 소주제코드 */
			mod_dt = NOW(),								/* 수정일시 */
			mod_user = #{modUser}						/* 수정자 */
		WHERE
			qst_cd = #{qstCd}							/* 문항코드 */
	</update>
	
	<!-- 커리큘럼 문항 오답 삭제 -->
	<delete id="deleteQstWransrCrse" parameterType="String">
		DELETE	/* Qst_BRS_Mapper.deleteQstWransrCrse(커리큘럼 문항 오답 삭제) 19001861 */
		FROM brs.tb_cmn_qst_wransr_crse
		WHERE qst_cd = #{qst_cd}						/* 문항코드 */
	</delete>
	
	<!-- 커리큘럼 문항 오답 메타 삭제 -->
	<delete id="deleteQstWransrCrseMeta" parameterType="String">
		DELETE	/* Qst_BRS_Mapper.deleteQstWransrCrseMeta(커리큘럼 문항 오답 삭제) 19001861 */
		FROM brs.tb_cmn_qst_wransr_crse_meta
		WHERE qst_cd = #{qst_cd}						/* 문항코드 */
	</delete>
	
	<!-- 커리큘럼 문항 메타 삭제 -->
	<delete id="deleteQstMeta" parameterType="String">
		DELETE	/* Qst_BRS_Mapper.deleteQstMeta(커리큘럼 문항 메타 삭제) 19001861 */
		FROM brs.tb_cmn_qst_meta
		WHERE qst_cd = #{qst_cd}						/* 문항코드 */
	</delete>
	
	<!-- 커리큘럼 문항 저작상태 삭제 -->
	<delete id="deleteQstWrtnMngt" parameterType="String">
		DELETE	/* Qst_BRS_Mapper.deleteQstWrtnMngt(커리큘럼 문항 저작상태 삭제) 19001861 */
		FROM brs.tb_cmn_qst_wrtn_mngt
		WHERE qst_cd = #{qst_cd}						/* 문항코드 */
	</delete>
	
</mapper>