<?xml version="1.0" encoding="UTF-8"?>
<!DOCTYPE mapper PUBLIC "-//mybatis.org//DTD Mapper 3.0//EN" "http://mybatis.org/dtd/mybatis-3-mapper.dtd">

<mapper namespace="com.wjthinkbig.aimath.chn.service.dao.ChnDao">
	
	<!-- 채널 전체 리스트 조회 -->
	<select id="selectChnList" parameterType="com.wjthinkbig.aimath.chn.vo.ChnSearchVO" resultType="com.wjthinkbig.aimath.chn.vo.ChnVO">	
		SELECT	/* Chn_BRS_Mapper.selectChnList(채널 전체 리스트 조회) 19001861 */
			cc.chn_cd as chnCd								/* 채널코드 */
			, cc.chn_nm as chnNm							/* 채널명 */
			, cc.img_file_path as imgFilePath				/* 이미지파일경로 */
			, cc.img_file_nm as imgFileNm					/* 이미지파일명 */
			, cc.lrn_config_scn_cd as lrnConfigScnCd		/* 학습설정구분코드 */
			, c.cd_nm as lrnConfigScnNm						/* 학습설정구분코드명 */
			, cc.rgtn_dt AS rgtnDt							/* 등록일 */
			, cc.rgtn_user AS rgtnUser						/* 등록자 */
			, cc.mod_dt AS modDt							/* 수정일 */
			, cc.mod_user AS modUser						/* 수정자 */
		FROM
			brs.tb_cmn_chn cc
			INNER JOIN brs.tb_cmn_cd c ON c.cmn_cd = cc.lrn_config_scn_cd AND c.up_cd = 'LRN_CONFIG_SCN_CD'
		ORDER BY cc.rgtn_dt desc
		<if test='"Y".equals(pagingYn)'>
			LIMIT #{rowCnt} OFFSET #{rowCnt} * (#{currentPage} - 1)		/* rowCnt(한페이지에 보여질 리스트 수) currentPage(현재페이지) */
		</if>
	</select>
	
	<!-- 채널 전체 리스트 수 조회 (검색 조건 적용) -->
	<select id="selectChnListCnt" parameterType="com.wjthinkbig.aimath.chn.vo.ChnSearchVO" resultType="int">	
		SELECT	/* Chn_BRS_Mapper.selectChnListCnt(채널 전체 리스트 수 조회 (검색 조건 적용)) 19001861 */
			COUNT(1) as cnt
		FROM
			brs.tb_cmn_chn cc
			INNER JOIN brs.tb_cmn_cd c ON c.cmn_cd = cc.lrn_config_scn_cd AND c.up_cd = 'LRN_CONFIG_SCN_CD'
	</select>
	
	<!-- 채널 정보 단일 조회 -->
	<select id="selectChnById" parameterType="String" resultType="com.wjthinkbig.aimath.chn.vo.ChnVO">	
		SELECT	/* Chn_BRS_Mapper.selectChnById(채널 정보 단일 조회) 19001861 */
			cc.chn_cd as chnCd								/* 채널코드 */
			, cc.chn_nm as chnNm							/* 채널명 */
			, cc.img_file_path as imgFilePath				/* 이미지파일경로 */
			, cc.img_file_nm as imgFileNm					/* 이미지파일명 */
			, cc.lrn_config_scn_cd as lrnConfigScnCd		/* 학습설정구분코드 */
			, c.cd_nm as lrnConfigScnNm						/* 학습설정구분코드명 */
			, cc.rgtn_dt AS rgtnDt							/* 등록일 */
			, cc.rgtn_user AS rgtnUser						/* 등록자 */
			, cc.mod_dt AS modDt							/* 수정일 */
			, cc.mod_user AS modUser						/* 수정자 */
		FROM
			brs.tb_cmn_chn cc
			INNER JOIN brs.tb_cmn_cd c ON c.cmn_cd = cc.lrn_config_scn_cd AND c.up_cd = 'LRN_CONFIG_SCN_CD'
		WHERE
			cc.chn_cd = #{chnCd}							/* 채널코드 */
	</select>
	
	<!-- 채널코드 중복 체크 -->
	<select id="selectChnCdDplctCheck" parameterType="string" resultType="int">	
		SELECT	/* Chn_BRS_Mapper.selectChnCdDplctCheck(채널코드 중복 체크) 19001861 */
			COUNT(1) AS cnt
		FROM
			brs.tb_cmn_chn
		WHERE
			chn_cd = #{chnCd}							/* 채널코드 */
	</select>
	
	<!-- 채널 정보 신규 등록 -->
	<insert id="insertChn" parameterType="com.wjthinkbig.aimath.chn.vo.ChnVO">
    	INSERT	/* Chn_BRS_Mapper.insertChn(채널 정보 신규 등록) 19001861 */
    	INTO brs.tb_cmn_chn
    		(chn_cd										/* 채널코드 */
    		, chn_nm									/* 채널명 */
    		, img_file_path								/* 이미지파일경로 */
    		, img_file_nm								/* 이미지파일명 */
    		, lrn_config_scn_cd							/* 학습설정구분코드 */
    		, rgtn_dt									/* 등록일시 */
    		, rgtn_user)								/* 등록자 */
    	VALUES
    		(#{chnCd}									/* 채널코드 */
    		, #{chnNm}									/* 채널명 */
    		, #{imgFilePath}							/* 이미지파일경로 */
    		, #{imgFileNm}								/* 이미지파일명 */
    		, #{lrnConfigScnCd}							/* 학습설정구분코드 */
    		, NOW()										/* 등록일시 */
    		, #{rgtnUser})								/* 등록자 */
	</insert>
	
	<!-- 채널 정보 변경 -->
	<update id="updateChn" parameterType="com.wjthinkbig.aimath.chn.vo.ChnVO">
		UPDATE	/* Chn_BRS_Mapper.updateChn(채널 정보 변경) 19001861 */ brs.tb_cmn_chn
		SET
			chn_nm = #{chnNm}							/* 채널명 */
    		, lrn_config_scn_cd = #{lrnConfigScnCd}		/* 학습설정구분코드 */
    		<if test='imgFilePath != null and !"".equals(imgFilePath)'>
	    		, img_file_path = #{imgFilePath}		/* 이미지파일경로 */
	    		, img_file_nm = #{imgFileNm}			/* 이미지파일명 */
    		</if>
			, mod_dt = NOW()							/* 수정일시 */
			, mod_user = #{modUser}						/* 수정자 */
		WHERE
			chn_cd = #{chnCd}							/* 채널코드 */
	</update>
	
	<!-- 채널 정보 삭제 -->
	<delete id="deleteChn" parameterType="String">
		DELETE	/* Chn_BRS_Mapper.deleteChn(채널 정보 삭제) 19001861 */
		FROM brs.tb_cmn_chn
		WHERE
			chn_cd = #{chn_cd}							/* 채널코드 */
	</delete>
	
</mapper>