<?xml version="1.0" encoding="UTF-8"?>
<!DOCTYPE mapper PUBLIC "-//mybatis.org//DTD Mapper 3.0//EN" "http://mybatis.org/dtd/mybatis-3-mapper.dtd">
<mapper namespace="com.wjthinkbig.aimath.lrn.note.service.dao.NoteDao">
	<!--  학습자 아이디와 언어코드로  학습레벨 리스트 조회-->
	<select id="selectListLvlByMbr" parameterType="com.wjthinkbig.aimath.lrn.note.vo.NoteLvlVO" resultType="com.wjthinkbig.aimath.lrn.note.vo.NoteLvlVO">
		SELECT /* Note_BRS_Mapper.selectLvlListByMbr (학습자 아이디와 언어코드로  학습레벨 리스트 조회) 19001877 */
			DISTINCT  rel.lvl_cd																as lvlCd 			/* 레벨코드 		*/
			, CONCAT(SUBSTRING(rel.lvl_cd,1,2), CAST(SUBSTRING(rel.lvl_cd,3,4) AS INTEGER)) 	as lvlTxt 			/* 레벨표기		*/
			, hst.lrn_mbr_id 																	as lrnMbrId 		/* 학습자 아이디 	*/
			, meta.lvl_nm  																		as lvlNm			/* 레벨 명 		*/				
		FROM brs.tb_lnr_cous_enty_stg_hst hst																		/* 코스 학습이력 	*/
		LEFT JOIN brs.tb_cmn_lvl_stg_rel rel ON rel.stg_cd = hst.stg_cd AND rel.use_yn = 'Y'						/* 레벨스테이지 관계	*/		
		LEFT JOIN brs.tb_cmn_lvl_meta meta ON meta.lvl_cd = rel.lvl_cd 	AND meta.lang_cd = #{langCd}					/* 레벨 메타 		*/
		WHERE hst.lrn_mbr_id = #{lrnMbrId}																			/* 학습자 아이디	*/
		ORDER BY  rel.lvl_cd ASC;
	</select>
	
	<!-- 코스학습이력이 없을 경우 진단학습에서 스테이지 시작점을 가져온다  -->
	<select id="selectLvlNameByStgCd" parameterType="com.wjthinkbig.aimath.lrn.note.vo.NoteLvlVO" resultType="com.wjthinkbig.aimath.lrn.note.vo.NoteLvlVO">
		SELECT /* Note_BRS_Mapper.selectLvlNameByStgCd (코스학습이력이 없을 경우 진단학습에서 스테이지 시작점을 가져온다 ) 19001877 */
			(#{lrnMbrId}) 																		as lrnMbrId			/* 학습자 아이디	*/
			, CONCAT(SUBSTRING(rel.lvl_cd,1,2), CAST(SUBSTRING(rel.lvl_cd,3,4) AS INTEGER)) 	as lvlTxt 			/* 레벨표기 		*/
			, rel.lvl_cd 																		as lvlCd			/* 레벨코드 		*/
			, meta.lvl_nm  																		as lvlNm			/* 레벨명			*/
		FROM brs.tb_lnr_dgns_hst hst																				/* 진단학습 이력 	*/
		LEFT JOIN brs.tb_cmn_lvl_stg_rel rel ON rel.stg_cd = hst.bgn_stg_cd AND rel.use_yn = 'Y'					/* 레벨스테이지관계 	*/
		LEFT JOIN brs.tb_cmn_lvl_meta meta ON meta.lvl_cd = rel.lvl_cd 	AND meta.lang_cd = #{langCd}					/* 레벨 메타 		*/
		WHERE hst.lrn_mbr_id = #{lrnMbrId};																			/* 학습회원 아이디	*/
	</select>
	
	<!--해당 학습자의  해당 레벨의 진도 리스트를 가져온다 (레벨맵을 통한 단일쿼리 ) -->
	<resultMap id="NoteMgntMap" type="com.wjthinkbig.aimath.lrn.note.vo.NoteMgntVO">
	    <id property="lvlCd" column="lvlCd"/>
		<id property="lrnMbrId" column="lrnMbrId"/>
		<id property="langCd" column="langCd"/>
	    <result property="lvlNm" column="lvlNm" />
		<!-- 1차 collection-->
	    <collection property="stgListByLvl" ofType="com.wjthinkbig.aimath.lrn.note.vo.NoteStgListByLvlVO">
	    	<id property="lvlCd" column="lvlCd"/>
	        <id property="stgCd" column="stgCd" />
	        <result property="stgNm" column="stgNm" />
	        <!-- 2차 collection -->
	        <collection property="noteEndDtListByStg" ofType="com.wjthinkbig.aimath.lrn.note.vo.NoteEndDtListByStgVO">
	        	 <id property="stgCd" column="stgCd" />
	        	 <id property="lrnEndDt" column="lrnEndDt" />
	        	 <result property="lrnPrgsStsCd" column="lrnPrgsStsCd" />
	        	 <result property="cdNm" column="cdNm" />
	        </collection>
	        <!-- 2차 collection -->
	    </collection>
	    <!-- 1차 컬렉션 -->
	</resultMap>
	<select id="selectStgListByLvl" parameterType="com.wjthinkbig.aimath.lrn.note.vo.NoteMgntVO" resultMap="NoteMgntMap">
		SELECT /* Note_BRS_Mapper.selectStgListByLvl (해당 학습자의  해당 레벨의 진도 리스트를 가져온다 )  19001877 */
		 	(#{lrnMbrId})      												as lrnMbrId        	/* 학습회원 아이디 	*/  
		 	, (#{lvlCd})         											as lvlCd         	/* 레벨코드 		*/    
		 	, (#{langCd})          											as langCd         	/* 언어코드 		*/    
		 	, A1.lvl_nm          											as lvlNm        	/* 레벨명 			*/    
		 	, hst1.stg_Cd            										as stgCd      		/* 스테이지 코드  	*/  
		 	, sm.stg_Nm            											as stgNm      		/* 스테이지 명 		*/   
		 	, hst1.lrn_End_Dt          										as lrnEndDt    		/* 학습종료 일시  	*/  
		 	, hst1.lrn_Prgs_Sts_Cd     										as lrnPrgsStsCd   	/* 학습진행코드  	*/  
		 	, cd.cd_Nm             											as cdNm     		/* 학습진행 코트 코드명 */
		FROM brs.tb_cmn_lvl_meta A1																/* 레벨 메타 		*/
		LEFT JOIN brs.tb_cmn_lvl_stg_rel rel 													/* 레벨 스테이지 관계 */
		ON A1.lvl_cd=rel.lvl_cd AND rel.use_yn = 'Y'
		JOIN brs.tb_lnr_cous_enty_stg_hst hst1													/* 코스학습이력 	*/
		ON hst1.stg_cd=rel.stg_cd
		INNER JOIN brs.tb_cmn_stg_meta sm ON sm.stg_cd = hst1.stg_cd and sm.lang_cd = #{langCd}	/* 스테이지 메타 	*/
		LEFT JOIN brs.tb_cmn_cd cd 																/* 코드 정보		*/								
		ON cd.up_cd = 'LRN_PRGS_STS_CD' AND cd.cmn_cd = hst1.lrn_prgs_sts_cd 
		WHERE A1.lvl_cd 	= #{lvlCd} 															/* 레벨코드 		*/
		AND hst1.lrn_mbr_id = #{lrnMbrId}														/* 학습회원 아이디	*/
		AND A1.lang_cd 		= #{langCd}															/* 언어코드 		*/
		ORDER BY hst1.stg_Cd, hst1.lrn_End_Dt							
	</select>
	
	<!--해당학습회원의  해당 레벨에  학습상태를  판단하기위한 데이터 쿼리  -->
	<select id="selectLrnStatus" parameterType="java.util.HashMap" resultType="com.wjthinkbig.aimath.lrn.note.vo.NoteLrnStatusVO">
		SELECT  /* Note_BRS_Mapper.selectLrnStatus (해당학습회원의  해당 레벨러에  학습상태를  판단하기위한 데이터 쿼리 )  19001877 */ 
			CONCAT(TO_CHAR(MIN(hst.lrn_bgn_dt),'YYYY.MM.dd'),' ~',TO_CHAR(MAX(hst.lrn_end_dt),'YYYY.MM.dd'))		as lrnTerm 			/* 학습기간 */
			, MAX(hst.stg_cd) 																						as userStgCd 		/* 학습회원 최종 스테일지 */
			, (
				SELECT 
					lrn_prgs_sts_cd 
				FROM brs.tb_lnr_cous_enty_stg_hst 
				WHERE stg_cd 	= lvl.maxStgCd 
				AND lrn_mbr_id 	= #{lrnMbrId}
				AND stg_cd not in (#{lvlCd}) limit 1)																as userMaxPrgsCd 	/* 최상 상태코드  	*/
			, COUNT(hst.stg_cd) 																					as userStgCnt		/* 사용자 스테이지 수	*/
			, lvl.maxStgCnt 																						as maxLvlStgCnt		/* 레벨 스테이지 수 	*/
			, lvl.maxStgCd																							as maxLvlStgCd		/* 최총 스테이지 	*/
			, COUNT(DISTINCT TO_CHAR(hst.lrn_bgn_dt,'YYYY-MM-dd')) 													as lrnDay 			/* 실제 학습일 		*/																				
		FROM  brs.tb_lnr_cous_enty_stg_hst hst																							/* 코스학습 이력 	*/
		LEFT JOIN brs.tb_cmn_lvl_stg_rel rel on rel.stg_cd = hst.stg_cd AND rel.use_yn = 'Y'											/* 레벨 스테이지 관계 */
		LEFT JOIN (SELECT 
						rel.lvl_cd 
						, COUNT(stg_cd) 	as maxStgCnt
						, MAX(stg_cd) 		as maxStgCd
					FROM brs.tb_cmn_lvl_stg_rel rel 
					GROUP BY rel.lvl_cd) lvl ON  lvl.lvl_cd = rel.lvl_cd   																/* 스테이지 개수와 스테이지 코드 */
					WHERE  rel.lvl_cd 	= #{lvlCd} 																						/* 레벨코드 				*/
					AND hst.lrn_mbr_id 	= #{lrnMbrId} 																					/* 학습회원 아이디			*/
					AND hst.lrn_end_dt is not null 																						/* 학습종료 날짜 			*/
					AND rel.use_yn 		= 'Y'
		GROUP BY  hst.lrn_mbr_id, lvl.maxStgCnt, lvl.maxStgCd
	</select>
	
	<!-- 학습노트 분석  -->
	<select id="selectAnalysisByLvl" parameterType="com.wjthinkbig.aimath.lrn.note.vo.NoteAnalysisVO" resultType="com.wjthinkbig.aimath.lrn.note.vo.NoteAnalysisVO">
		SELECT  /* Note_BRS_Mapper.selectAnalysisByLvl (학습노트 분석)  19001877 */ 
			(#{lrnMbrId}) 																														as lrnMbrId 		/* 학습회원 아이디	*/
			, (#{lvlCd}) 																														as lvlCd			/* 레벨코드 		*/
			, (#{langCd})																														as langCd			/* 언어코드 		*/
			, meta.lvl_nm  																														as lvlNm			/* 레벨명 			*/
			, COALESCE (TO_CHAR(CONCAT('',ROUND(SUM(hst.lrn_tot_scond))/ROUND(SUM(hst.ai_prdcn_qst_ct)),' second')::interval,'MI분SS초'),'0')  	as avgSolvTime		/* 평균 풀이속도(분으로 전환)*/
			, COALESCE (SUM(hst.cransr_qst_ct),0) 																								as rightQstCnt		/* 맞힌 문제수 		*/
			, COALESCE (SUM(hst.drilldw_ct),0)    																								as drillDownCnt		/* 드릴다운수 		*/
			, COALESCE (SUM(hst.ai_prdcn_qst_ct),0) 																							as solvedQstCnt 	/* 총문항수 		*/
			, COALESCE (TO_CHAR(CONCAT('',SUM(hst.lrn_tot_scond),' second')::interval,'MI분SS초'),'0') 											as accoumTime		/* 총누적 학습시간	*/
			, COUNT(DISTINCT TO_CHAR(hst.lrn_bgn_dt,'YYYY-MM-dd'))																				as totalLrnDay		/* 총학습일		*/
			, COALESCE (CONCAT(CAST((ROUND(SUM(hst.cransr_qst_ct))/ROUND(SUM(hst.ai_prdcn_qst_ct))*100) as INTEGER),'%'),'0%') 					as avgRightCnt		/* 평균정답율		*/
		FROM brs.tb_lnr_cous_enty_stg_hst hst																														/* 코스학습 이력	*/
		LEFT JOIN brs.tb_cmn_lvl_stg_rel rel ON rel.stg_cd = hst.stg_cd AND rel.use_yn = 'Y'																		/* 레벨스테이지 관계	*/
		LEFT JOIN brs.tb_cmn_lvl_meta meta ON meta.lvl_cd = rel.lvl_cd 																								/* 레벨 메타 		*/
		WHERE lrn_mbr_id	= #{lrnMbrId}																															/* 학습회원 아이디 	*/
		AND rel.lvl_cd 		= #{lvlCd}																																/* 레벨코드 		*/
		GROUP BY hst.lrn_mbr_id, meta.lvl_nm;
	</select>
	
	<!-- 해당 레벨의 스테이지에서 사용자가 학습한 스테이지 와 상테 리스트  -->
	<select id="selectPrgsByStg" parameterType="java.util.HashMap" resultType="com.wjthinkbig.aimath.lrn.note.vo.NotePrgsListByStgVO">
		SELECT /* Note_BRS_Mapper.selectPrgsByStg (해당 레벨의 스테이지에서 사용자가 학습한 스테이지 와 상테 리스트 )  19001877 */ 
			(ROW_NUMBER() OVER())      						as rowNum   		/* 스테이지순번  	*/
			,COALESCE (hst.stg_cd,'')     					as compStgCd	 	/* 완료스테이지 코드 	*/
			,COALESCE (hst.lrn_prgs_sts_cd ,'')  			as prgsCd   		/* 학습결과코드 	*/
			,COALESCE (cd.cd_nm,'')     					as cdNm   			/* 결과코드명 		*/
		FROM brs.tb_cmn_lvl_stg_rel rel 										/* 레벨 스테이지 관계	*/
		LEFT JOIN (
		    		SELECT 
		    			stg_cd
		    			, hst.lrn_tme_sn,lrn_end_dt
		    			, lrn_prgs_sts_cd,lrn_mbr_id
		    			, ROW_NUMBER() OVER(partition by stg_cd order by lrn_tme_sn desc ) rn
		    		FROM brs.tb_lnr_cous_enty_stg_hst hst 
		    		WHERE lrn_mbr_id = #{lrnMbrId} 
		          ) hst 														/* 코스학습이력 	*/
		ON (hst.stg_cd = rel.stg_cd AND hst.rn=1)
		LEFT JOIN brs.tb_cmn_cd cd 												/* 코드 			*/
		ON cd.up_cd = 'LRN_PRGS_STS_CD' AND cd.cmn_cd = hst.lrn_prgs_sts_cd
		WHERE rel.lvl_cd = #{lvlCd};
	</select>
	
	<!-- 해당레벨의 가장 잘한 스테이지를 가져온다  -->
	<select id="selectBstStg" parameterType="java.util.HashMap" resultType="com.wjthinkbig.aimath.lrn.note.vo.NoteBstWrstVO">
		SELECT  /* Note_BRS_Mapper.selectBstStg (해당레벨의 가장 잘한 스테이지를 가져온다 )  19001877*/ 
		('BEST') 																													as stgType 		/* 스테이지타입 */
		, hst.stg_cd																												as stgCd        /* 스테이지코드	*/
		, (ROUND(hst.cransr_qst_ct)/ROUND(hst.ai_prdcn_qst_ct)*100) + (1000 - ROUND(hst.lrn_tot_scond)/ROUND(hst.ai_prdcn_qst_ct)) 	as rate         /* 학습결과점수  (정답률 +(1000-풀이속도 ))*/
		, sm.stg_nm 																												as stgNm        /* 스테이지명	*/
		, cd.cd_nm 																													as cdNm         /* 풀이속도명	*/
		, CONCAT('',CAST(ROUND(hst.cransr_qst_ct)/ROUND(hst.ai_prdcn_qst_ct)*100 as INTEGER),'%')									as crRate       /* 정답률 		*/
		, COALESCE (cnt.count,0) 																									as lpscCount    /* 노력개수 	*/
		, lcd.cd_nm 																										        as lcdNm		/* 학습결과 	*/
		FROM 
			(
			SELECT 
					a.*
					, row_number() over(partition by lrn_mbr_id order by lrn_end_dt desc) rn
			FROM brs.tb_lnr_cous_enty_stg_hst a
			WHERE lrn_mbr_id = #{lrnMbrId}
			) hst 																																	/* 코스학습 이력 */
		LEFT JOIN brs.tb_cmn_lvl_stg_rel rel ON rel.stg_cd = hst.stg_cd AND rel.use_yn = 'Y'														/* 레벨 스테이지 관계 */
		INNER JOIN brs.tb_cmn_stg_meta sm ON sm.stg_cd = hst.stg_cd AND sm.lang_cd = #{langCd}														/* 스테이지 메타 */
		LEFT JOIN brs.tb_cmn_cd cd ON cd.up_cd = 'EXPL_SPED_CD' AND cd.cmn_cd = hst.expl_sped_cd 													/* 코드 		*/
		LEFT JOIN brs.tb_cmn_cd lcd ON lcd.up_cd = 'LRN_PRGS_STS_CD' AND lcd.cmn_cd = hst.lrn_prgs_sts_cd											/* 코드		*/
		LEFT JOIN (
					SELECT 
						COUNT(stg_cd) as count,lrn_mbr_id,stg_cd  
			       FROM brs.tb_lnr_cous_enty_stg_hst  
			       WHERE lrn_prgs_sts_cd = 'LPSC01' 
			       AND lrn_mbr_id = #{lrnMbrId}
			       GROUP BY lrn_mbr_id,stg_cd
			       ) cnt 																															/* 코스학습 이력*/
		ON cnt.stg_cd = hst.stg_cd
		WHERE hst.lrn_prgs_sts_cd IN('LPSC03','LPSC04') 																							/* 학습진행 코드 */
		AND rel.lvl_cd = #{lvlCd}																													/* 레벨코드 */
		AND hst.rn=1
		ORDER BY rate DESC LIMIT 1;
	</select>
	
	<!-- 해당레벨의 가장  힘든  스테이지를 가져온다  -->
	<select  id="selectWrstStg" parameterType="java.util.HashMap" resultType="com.wjthinkbig.aimath.lrn.note.vo.NoteBstWrstVO">
		SELECT  /* Note_BRS_Mapper.selectWrstStg (해당레벨의 가장 잘한 스테이지를 가져온다 )  김희석*/ 
		('WROST') 																													as stgType 		/* 스테이지타입 */
		, hst.stg_cd																												as stgCd        /* 스테이지코드 */
		,(ROUND(hst.cransr_qst_ct)/ROUND(hst.ai_prdcn_qst_ct)*100) + (1000 - ROUND(hst.lrn_tot_scond)/ROUND(hst.ai_prdcn_qst_ct)) 	as rate         /* 학습결과점수  (정답률 +(1000-풀이속도 ))*/
		, sm.stg_nm 																												as stgNm        /* 스테이지명 	*/
		, cd.cd_nm 																													as cdNm         /* 풀이속도명	*/
		, CONCAT('', CAST(ROUND(hst.cransr_qst_ct)/ROUND(hst.ai_prdcn_qst_ct)*100 as INTEGER),'%')									as crRate       /* 정답률 		*/
		, COALESCE (cnt.count,0) 																									as lpscCount    /* 노력개수 	*/
		, lcd.cd_nm 																										        as lcdNm		/* 학습결과 	*/
		FROM 
			(
			SELECT a.*,
					ROW_NUMBER() OVER(partition by lrn_mbr_id order by lrn_end_dt desc) rn
			FROM brs.tb_lnr_cous_enty_stg_hst a
			WHERE lrn_mbr_id = #{lrnMbrId}
			) hst 																																	/* 코스학습 이력*/
		LEFT JOIN brs.tb_cmn_lvl_stg_rel rel ON rel.stg_cd = hst.stg_cd AND rel.use_yn = 'Y'														/* 레벨 스테이지 관계 */
		INNER JOIN brs.tb_cmn_stg_meta sm ON sm.stg_cd = hst.stg_cd AND sm.lang_cd = #{langCd}														/* 스테이지 메타 	*/
		LEFT JOIN brs.tb_cmn_cd cd ON cd.up_cd = 'EXPL_SPED_CD' AND cd.cmn_cd = hst.expl_sped_cd 													/* 코드 		*/
		LEFT JOIN brs.tb_cmn_cd lcd ON lcd.up_cd = 'LRN_PRGS_STS_CD' AND lcd.cmn_cd = hst.lrn_prgs_sts_cd											/* 코드		*/
		LEFT JOIN (
					SELECT 
						COUNT(stg_cd) as count
						, lrn_mbr_id
						, stg_cd  
			        FROM brs.tb_lnr_cous_enty_stg_hst  
			        WHERE lrn_prgs_sts_cd = 'LPSC01' 
			        AND lrn_mbr_id = #{lrnMbrId}
			        GROUP BY lrn_mbr_id,stg_cd
			        HAVING COUNT(stg_cd) <![CDATA[ >= ]]> 3) cnt 																				  	/* 코스학습이력 */
		ON cnt.stg_cd = hst.stg_cd
		WHERE hst.lrn_prgs_sts_cd IN('LPSC01','LPSC02')  
		AND cnt.count 	>= 3 
		AND rel.lvl_cd 	= #{lvlCd}																													/* 레벨코드  	*/
		AND hst.rn		= 1
		ORDER BY rate ASC LIMIT 1;
	</select>
	
	<!-- 해당 레벨의 해당 학습자 의 누적 데이터를 가져온다  -->
	<select id="selectAccumData" parameterType="java.util.HashMap" resultType="com.wjthinkbig.aimath.lrn.note.vo.NoteAccumDataVO">
		SELECT   /* Note_BRS_Mapper.selectAccumData (해당 레벨의 해당 학습자 의 누적 데이터를 가져온다  )  19001877 */ 
			TO_CHAR(MIN(hst.lrn_bgn_dt),'YYYY.MM.dd') 	as accumStartDate	/* 시작 날짜		*/
			, SUM(cransr_qst_ct) 						as accumRightQst	/* 누적 맞힌 문제수	*/
			, basic.cnt 								as totalBasic		/* 기본개수 		*/
			, enough.cnt 								as totalEnough		/* 충분개수		*/
			, good.cnt 									as totalGood		/* 훌륭개수		*/
		FROM brs.tb_lnr_cous_enty_stg_hst hst 								/* 코스학습 이력 	*/
		LEFT JOIN	(
					SELECT COUNT(1) as cnt
							, lrn_mbr_id 
					FROM brs.tb_lnr_cous_enty_stg_hst 
					WHERE lrn_prgs_sts_cd ='LPSC02' 
					GROUP BY lrn_mbr_id										
					) basic 
					ON basic.lrn_mbr_id = hst.lrn_mbr_id					/* 코스학습 기본 개수 */
		LEFT JOIN 	(
					SELECT COUNT(1) as cnt
							, lrn_mbr_id 
					FROM brs.tb_lnr_cous_enty_stg_hst 
					WHERE lrn_prgs_sts_cd ='LPSC03' 
					GROUP BY lrn_mbr_id
					) enough 
					ON enough.lrn_mbr_id = hst.lrn_mbr_id					/* 코스학습 충분 개수 */
		LEFT JOIN 	(
					SELECT COUNT(1) as cnt
							, lrn_mbr_id 
					FROM brs.tb_lnr_cous_enty_stg_hst 
					WHERE lrn_prgs_sts_cd ='LPSC04' 
					GROUP BY lrn_mbr_id
					) good 						
					ON good.lrn_mbr_id = hst.lrn_mbr_id						/* 코스학습 휼륭 개수 */
		WHERE hst.lrn_mbr_id = #{lrnMbrId}									/* 학습회원 아이디 	*/
		GROUP BY hst.lrn_mbr_id,basic.cnt,enough.cnt,good.cnt
	</select>
</mapper>