<?xml version="1.0" encoding="UTF-8"?>
<!DOCTYPE mapper PUBLIC "-//mybatis.org//DTD Mapper 3.0//EN" "http://mybatis.org/dtd/mybatis-3-mapper.dtd">
<mapper namespace="com.wjthinkbig.aimath.lrn.note.service.dao.NoteDao">
	<select id="selectListLvlByMbr" parameterType="com.wjthinkbig.aimath.lrn.note.vo.NoteLvlVO" resultType="com.wjthinkbig.aimath.lrn.note.vo.NoteLvlVO">
		SELECT /* Note_BRS_Mapper.selectLvlListByMbr (학습자 아이디와 언어코드로  학습레벨 리스트 조회 김희석*/
			DISTINCT  rel.lvl_cd			as lvlCd 			/* 레벨코드 */
			, concat(substring(rel.lvl_cd,1,2),cast(substring(rel.lvl_cd,3,4) AS INTEGER)) as lvlTxt /*레벨표기*/
			, hst.lrn_mbr_id 				as lrnMbrId 		/* 학습자 아이디 */
			, meta.lvl_nm  as lvlNm
		FROM brs.tb_lnr_cous_enty_stg_hst hst
		LEFT JOIN brs.tb_cmn_lvl_stg_rel rel ON rel.stg_cd = hst.stg_cd AND rel.use_yn = 'Y'
		LEFT JOIN brs.tb_cmn_lvl_meta meta on meta.lvl_cd = rel.lvl_cd 
		WHERE lrn_mbr_id = #{lrnMbrId}
		ORDER BY  rel.lvl_cd asc;
	</select>
	
	<select id="selectLvlNameByStgCd" parameterType="com.wjthinkbig.aimath.lrn.note.vo.NoteLvlVO" resultType="com.wjthinkbig.aimath.lrn.note.vo.NoteLvlVO">
		SELECT 
			(#{lrnMbrId}) as lrnMbrId
			, concat(substring(rel.lvl_cd,1,2),cast(substring(rel.lvl_cd,3,4) AS INTEGER)) as lvlTxt /*레벨표기*/
			, rel.lvl_cd 
		FROM brs.tb_lnr_dgns_hst hst
		LEFT JOIN brs.tb_cmn_lvl_stg_rel rel on rel.stg_cd = hst.comp_stg_cd AND rel.use_yn = 'Y'
		WHERE hst.lrn_mbr_id = #{lrnMbrId};
	</select>
	
	<resultMap id="NoteMgntMap" type="com.wjthinkbig.aimath.lrn.note.vo.NoteMgntVO">
	    <id property="lvlCd" column="lvlCd"/>
		<id property="lrnMbrId" column="lrnMbrId"/>
		<id property="langCd" column="langCd"/>
	    <result property="lvlNm" column="lvlNm" />
		<!-- 1차 collection-->
	    <collection property="stgListByLvl" ofType="com.wjthinkbig.aimath.lrn.note.vo.NoteStgListByLvlVO">
	    	<id property="lvlCd" column="lvlCd"/>
	        <id property="stgCd" column="stgCd" />
	        <result property="stgNm" column="stgNm" />
	        <!-- 2차 collection -->
	        <collection property="noteEndDtListByStg" ofType="com.wjthinkbig.aimath.lrn.note.vo.NoteEndDtListByStgVO">
	        	 <id property="stgCd" column="stgCd" />
	        	 <id property="lrnEndDt" column="lrnEndDt" />
	        	 <result property="lrnPrgsStsCd" column="lrnPrgsStsCd" />
	        	 <result property="cdNm" column="cdNm" />
	        </collection>
	        <!-- 2차 collection -->
	    </collection>
	    <!-- 1차 컬렉션 -->
	</resultMap>
	<select id="selectStgListByLvl" parameterType="com.wjthinkbig.aimath.lrn.note.vo.NoteMgntVO" resultMap="NoteMgntMap">
		SELECT /* Note_BRS_Mapper.selectStgListByLvl (학습자 아이디와 언어코드로  진도 리스트  김희석*/
		 	(#{lrnMbrId})      		as lrnMbrId        	/* 학습회원 아이디 */  
		 	, (#{lvlCd})         		as lvlCd         	/* 레벨코드 */    
		 	, (#{langCd})          	as langCd         	/* 언어코드 */    
		 	, A1.lvl_nm          		as lvlNm        	/* 레벨명 */    
		 	, hst1.stg_Cd            	as stgCd      		/* 스테이지 코드  */  
		 	, sm.stg_Nm            	as stgNm      		/* 스테이지 명 */   
		 	, hst1.lrn_End_Dt          as lrnEndDt    		/* 학습종료 일시  */  
		 	, hst1.lrn_Prgs_Sts_Cd     as lrnPrgsStsCd   	/*  학습진행코드  */  
		 	, cd.cd_Nm             	as cdNm     		/*  학습진행 코트 코드명  */
		FROM brs.tb_cmn_lvl_meta A1
		LEFT JOIN brs.tb_cmn_lvl_stg_rel rel 
		ON A1.lvl_cd=rel.lvl_cd AND rel.use_yn = 'Y'
		JOIN brs.tb_lnr_cous_enty_stg_hst hst1
		ON hst1.stg_cd=rel.stg_cd
		INNER JOIN brs.tb_cmn_stg_meta sm on sm.stg_cd = hst1.stg_cd and sm.lang_cd =  #{langCd}
		LEFT JOIN brs.tb_cmn_cd cd 
		ON cd.up_cd = 'LRN_PRGS_STS_CD' and cd.cmn_cd = hst1.lrn_prgs_sts_cd 
		WHERE A1.lvl_cd = #{lvlCd} 
		and hst1.lrn_mbr_id = #{lrnMbrId}
		and A1.lang_cd = #{langCd}
		ORDER BY hst1.stg_Cd, hst1.lrn_End_Dt
	</select>
	
	<select id="selectLrnStatus" parameterType="java.util.HashMap" resultType="com.wjthinkbig.aimath.lrn.note.vo.NoteLrnStatusVO">
		SELECT  /* Note_BRS_Mapper.selectLrnStatus (학습자 아이디와 언어코드로  진도 리스트  김희석*/ 
			concat(to_char(min(hst.lrn_bgn_dt),'YYYY.MM.dd'),' ~',to_char(max(hst.lrn_end_dt),'YYYY.MM.dd'))		as lrnTerm 			/* 학습기간 */
			,max(hst.stg_cd) 																						as userStgCd 		/* 학습회원 최종 스테일지 */
			,(SELECT 
				lrn_prgs_sts_cd 
			FROM brs.tb_lnr_cous_enty_stg_hst 
			WHERE stg_cd = lvl.maxStgCd 
			AND lrn_mbr_id = #{lrnMbrId}
			AND stg_cd not in (#{lvlCd}) limit 1)																	as userMaxPrgsCd 	/* 최상 상태코드  */
			, count(hst.stg_cd) 																					as userStgCnt		/* 사용자 스테이지 수*/
			, lvl.maxStgCnt 																						as maxLvlStgCnt		/* 레벨 스테이지 수 */
			, lvl.maxStgCd																							as maxLvlStgCd			/* 최총 스테이지 */
			, count(distinct to_char(hst.lrn_bgn_dt,'YYYY-MM-dd')) 													as lrnDay 			/* 실제 학습일 */																				
		FROM  brs.tb_lnr_cous_enty_stg_hst hst
		LEFT JOIN brs.tb_cmn_lvl_stg_rel rel on rel.stg_cd = hst.stg_cd AND rel.use_yn = 'Y'
		LEFT JOIN (SELECT 
						rel.lvl_cd 
						, count(stg_cd) as maxStgCnt
						, max(stg_cd) as maxStgCd
					FROM brs.tb_cmn_lvl_stg_rel rel 
					GROUP BY rel.lvl_cd) lvl ON  lvl.lvl_cd = rel.lvl_cd 
					WHERE  rel.lvl_cd = #{lvlCd} and hst.lrn_mbr_id = #{lrnMbrId} and hst.lrn_end_dt is not null AND rel.use_yn = 'Y'
		GROUP BY  hst.lrn_mbr_id, lvl.maxStgCnt, lvl.maxStgCd
	</select>
	
	<select id="selectAnalysisByLvl" parameterType="com.wjthinkbig.aimath.lrn.note.vo.NoteAnalysisVO" resultType="com.wjthinkbig.aimath.lrn.note.vo.NoteAnalysisVO">
		SELECT  /* Note_BRS_Mapper.selectAnalysisByLvl (학스노트 분석)  김희석*/ 
			(#{lrnMbrId}) 																														as lrnMbrId 		/* 학습회원 아이디 */
			, (#{lvlCd}) 																														as lvlCd			/* 레벨코드 */
			, (#{langCd})																														as langCd			/* 언어코드 */
			, meta.lvl_nm  																												as lvlNm			/* 레벨명 */
			, coalesce (to_char(concat('',round(sum(hst.lrn_tot_scond))/round(sum(hst.ai_prdcn_qst_ct)),' second')::interval,'MI분SS초'),'0')  	as avgSolvTime		/* 평균 풀이속도(분으로 전환)*/
			, coalesce (sum(hst.cransr_qst_ct),0) 																								as rightQstCnt		/* 맞힌 문제수 */
			, coalesce (sum(hst.drilldw_ct),0)    																								as drillDownCnt		/* 드릴다운수 */
			, coalesce (sum(hst.ai_prdcn_qst_ct),0) 																							as solvedQstCnt 	/* 총문항수 */
			, coalesce (to_char(concat('',sum(hst.lrn_tot_scond),' second')::interval,'MI분SS초'),'0') 											as accoumTime		/*총누적 학습시간*/
			, count(distinct to_char(hst.lrn_bgn_dt,'YYYY-MM-dd'))																				as totalLrnDay		/*총학습일*/
			, coalesce (concat(cast((round(sum(hst.cransr_qst_ct))/round(sum(hst.ai_prdcn_qst_ct))*100) as INTEGER),'%'),'0%') 					as avgRightCnt		/*평균정답율*/
		FROM brs.tb_lnr_cous_enty_stg_hst hst
		LEFT JOIN brs.tb_cmn_lvl_stg_rel rel on rel.stg_cd = hst.stg_cd AND rel.use_yn = 'Y'
		LEFT JOIN brs.tb_cmn_lvl_meta meta on meta.lvl_cd = rel.lvl_cd 
		WHERE lrn_mbr_id = #{lrnMbrId}
		AND rel.lvl_cd = #{lvlCd}
		GROUP BY hst.lrn_mbr_id, meta.lvl_nm;
	</select>
	
	<select id="selectPrgsByStg" parameterType="java.util.HashMap" resultType="com.wjthinkbig.aimath.lrn.note.vo.NotePrgsListByStgVO">
		SELECT /* Note_BRS_Mapper.selectAnalysisByLvl (해당 레벨에 스테이지 학습결과 리스트 )  김희석*/ 
			(ROW_NUMBER() OVER())      				as rowNum   	/* 스테이지순번 */
			,coalesce (hst.stg_cd,'')     			as compStgCd	 /* 완료스테이지 코드 */
			,coalesce (hst.lrn_prgs_sts_cd ,'')  		as prgsCd   	/* 학습결과코드 */
			,coalesce (cd.cd_nm,'')     				as cdNm   		/* 결과코드명 */
		FROM brs.tb_cmn_lvl_stg_rel rel 
		LEFT JOIN (
		    SELECT stg_cd, hst.lrn_tme_sn,lrn_end_dt, lrn_prgs_sts_cd,lrn_mbr_id, row_number() over(partition by stg_cd order by lrn_tme_sn desc ) rn
		    FROM brs.tb_lnr_cous_enty_stg_hst hst 
		    WHERE lrn_mbr_id = #{lrnMbrId} 
		          ) hst 
		ON (hst.stg_cd = rel.stg_cd AND hst.rn=1)
		LEFT JOIN brs.tb_cmn_cd cd 
		ON cd.up_cd = 'LRN_PRGS_STS_CD' AND cd.cmn_cd = hst.lrn_prgs_sts_cd
		WHERE rel.lvl_cd = #{lvlCd};
	</select>
	
	<select id="selectBstStg" parameterType="java.util.HashMap" resultType="com.wjthinkbig.aimath.lrn.note.vo.NoteBstWrstVO">
		SELECT 
		('BEST') 																													as stgType 		/* 스테이지타입 */
		, hst.stg_cd																												as stgCd        /* 스테이지코드 */
		,(round(hst.cransr_qst_ct)/round(hst.ai_prdcn_qst_ct)*100) + (1000 - round(hst.lrn_tot_scond)/round(hst.ai_prdcn_qst_ct)) 	as rate         /* 학습결과점수  (정답률 +(1000-풀이속도 ))*/
		, sm.stg_nm 																												as stgNm        /* 스테이지명 */
		, cd.cd_nm 																													as cdNm         /* 풀이속도명*/
		, concat('',cast(round(hst.cransr_qst_ct)/round(hst.ai_prdcn_qst_ct)*100 as INTEGER),'%')									as crRate       /* 정답률 */
		, coalesce (cnt.count,0) 																									as lpscCount    /* 노력개수 */
		, lcd.cd_nm 																										        as lcdNm		/* 학습결과 */
		FROM 
			(SELECT 
					max(lrn_end_dt) as max_dt 
				FROM brs.tb_lnr_cous_enty_stg_hst hst 
				WHERE lrn_mbr_id = #{lrnMbrId} 
				GROUP BY stg_cd ) a
		JOIN brs.tb_lnr_cous_enty_stg_hst hst on a.max_dt = hst.lrn_end_dt
		LEFT JOIN brs.tb_cmn_lvl_stg_rel rel on rel.stg_cd = hst.stg_cd AND rel.use_yn = 'Y'
		INNER JOIN brs.tb_cmn_stg_meta sm on sm.stg_cd = hst.stg_cd and sm.lang_cd = #{langCd}
		LEFT JOIN brs.tb_cmn_cd cd on cd.up_cd = 'EXPL_SPED_CD' and cd.cmn_cd = hst.expl_sped_cd 
		LEFT JOIN brs.tb_cmn_cd lcd on lcd.up_cd = 'LRN_PRGS_STS_CD' and lcd.cmn_cd = hst.lrn_prgs_sts_cd
		LEFT JOIN (select count(stg_cd) as count,lrn_mbr_id,stg_cd  from brs.tb_lnr_cous_enty_stg_hst  where lrn_prgs_sts_cd = 'LPSC01' group by lrn_mbr_id,stg_cd) cnt on cnt.lrn_mbr_id ='LRN20201005160000136' and cnt.stg_cd = hst.stg_cd
		WHERE hst.lrn_mbr_id = #{lrnMbrId}
		AND hst.lrn_prgs_sts_cd in('LPSC03','LPSC03') 
		AND rel.lvl_cd = #{lvlCd}
		ORDER BY rate DESC LIMIT 1;
	</select>
	
	<select  id="selectWrstStg" parameterType="java.util.HashMap" resultType="com.wjthinkbig.aimath.lrn.note.vo.NoteBstWrstVO">
		SELECT 
		('WROST') 																													as stgType 		/* 스테이지타입 */
		, hst.stg_cd																												as stgCd        /* 스테이지코드 */
		,(round(hst.cransr_qst_ct)/round(hst.ai_prdcn_qst_ct)*100) + (1000 - round(hst.lrn_tot_scond)/round(hst.ai_prdcn_qst_ct)) 	as rate         /* 학습결과점수  (정답률 +(1000-풀이속도 ))*/
		, sm.stg_nm 																												as stgNm        /* 스테이지명 */
		, cd.cd_nm 																													as cdNm         /* 풀이속도명*/
		, concat('',cast(round(hst.cransr_qst_ct)/round(hst.ai_prdcn_qst_ct)*100 as INTEGER),'%')									as crRate       /* 정답률 */
		, coalesce (cnt.count,0) 																									as lpscCount    /* 노력개수 */
		, lcd.cd_nm 																										        as lcdNm		/* 학습결과 */
		FROM 
			(SELECT 
					max(lrn_end_dt) as max_dt 
				FROM brs.tb_lnr_cous_enty_stg_hst hst 
				WHERE lrn_mbr_id = #{lrnMbrId} 
				GROUP BY stg_cd ) a
		JOIN brs.tb_lnr_cous_enty_stg_hst hst on a.max_dt = hst.lrn_end_dt
		LEFT JOIN brs.tb_cmn_lvl_stg_rel rel on rel.stg_cd = hst.stg_cd AND rel.use_yn = 'Y'
		INNER JOIN brs.tb_cmn_stg_meta sm on sm.stg_cd = hst.stg_cd and sm.lang_cd = #{langCd}
		LEFT JOIN brs.tb_cmn_cd cd on cd.up_cd = 'EXPL_SPED_CD' and cd.cmn_cd = hst.expl_sped_cd 
		LEFT JOIN brs.tb_cmn_cd lcd on lcd.up_cd = 'LRN_PRGS_STS_CD' and lcd.cmn_cd = hst.lrn_prgs_sts_cd
		LEFT JOIN (select count(stg_cd) as count,lrn_mbr_id,stg_cd  from brs.tb_lnr_cous_enty_stg_hst  where lrn_prgs_sts_cd = 'LPSC01' group by lrn_mbr_id,stg_cd) cnt on cnt.lrn_mbr_id ='LRN20201005160000136' and cnt.stg_cd = hst.stg_cd
		WHERE hst.lrn_prgs_sts_cd in('LPSC01','LPSC02') AND cnt.count <![CDATA[ >= ]]>  3
		AND rel.lvl_cd = #{lvlCd}
		ORDER BY rate asc LIMIT 1;
	</select>
	<select id="selectAccumData" parameterType="java.util.HashMap" resultType="com.wjthinkbig.aimath.lrn.note.vo.NoteAccumDataVO">
		SELECT   /* Note_BRS_Mapper.selectAccumData (해당 레벨의 누적 데이터를 가져온다 )  김희석*/ 
			to_char(min(hst.lrn_bgn_dt),'YYYY.MM.dd') 	as accumStartDate	/* 시작 날짜*/
			, sum(cransr_qst_ct) 						as accumRightQst	/* 누적 맞힌 문제수*/
			, coalesce (basic.cnt,0) 					as totalBasic		/* 기본개수 */
			, coalesce (enough.cnt,0) 					as totalEnough		/* 충분개수*/
			, coalesce (good.cnt,0) 					as totalGood		/* 훌륭개수*/
		FROM brs.tb_lnr_cous_enty_stg_hst hst 
		LEFT JOIN (select count(1) as cnt,lrn_mbr_id FROM brs.tb_lnr_cous_enty_stg_hst WHERE lrn_prgs_sts_cd ='LPSC02' GROUP BY lrn_mbr_id) basic ON basic.lrn_mbr_id = hst.lrn_mbr_id
		LEFT JOIN (select count(1) as cnt,lrn_mbr_id FROM brs.tb_lnr_cous_enty_stg_hst WHERE lrn_prgs_sts_cd ='LPSC03' GROUP BY lrn_mbr_id) enough ON enough.lrn_mbr_id = hst.lrn_mbr_id
		LEFT JOIN (select count(1) as cnt,lrn_mbr_id FROM brs.tb_lnr_cous_enty_stg_hst WHERE lrn_prgs_sts_cd ='LPSC04' GROUP BY lrn_mbr_id) good ON good.lrn_mbr_id = hst.lrn_mbr_id
		WHERE hst.lrn_mbr_id = #{lrnMbrId}
		GROUP BY hst.lrn_mbr_id,basic.cnt,enough.cnt,good.cnt
	</select>
</mapper>